,A,B,C,D
2000-01-01,0.6297455678729067,0.328962221714114,0.5190637439110809,-0.1422956085064671
2000-01-02,0.11615613181930896,-0.02712305703469381,0.6300635006273964,-0.6124094046559341
2000-01-03,-1.782931576278417,-0.6519310030774534,-0.6958142441073704,-0.2563931471539481
2000-01-04,-0.9545954657869888,0.002305527697760471,0.4217741750246069,0.5862421050157103
2000-01-05,1.689575172088049,-1.1705771050323242,-1.0303791228248904,-0.09526581569170905
2000-01-06,-0.7834566017249356,1.5346158942568726,-1.372125204203331,0.9732771999441288
2000-01-07,1.2648673622791566,-0.17258170817573504,-1.5131681241008277,-0.698313561686869
2000-01-08,0.7653168826087116,-0.4527112466834108,0.0648703783873026,-0.0992358929911865
2000-01-09,1.990532358845982,-1.826439166649402,-1.544607923240329,0.5465153490917192
2000-01-10,-1.0438247309547242,0.7623292134036506,-0.7618685851263483,0.12133436494863338
2000-01-11,-1.381875158956252,-0.23509112177375502,-1.2981434270560737,-1.3178971491170157
2000-01-12,0.6510145440751497,-0.6737006301018855,0.5951135907585793,0.317721892244698
2000-01-13,-1.5980488610806063,-0.278849012537574,0.003145137800203709,0.12360673123301484
2000-01-14,0.05427459635236145,2.469078244058511,1.0843273347746905,0.7879918855285392
2000-01-15,-0.20336744305113708,-0.024364748851105802,1.3449258543796958,-0.40236569319175336
2000-01-16,-0.9380775527791346,1.6866772742398963,1.7618351462556432,-0.32877911649614205
2000-01-17,-0.07503433512684513,2.06629594069755,0.19146844567070573,0.030325500253171944
2000-01-18,0.7426548553169292,0.45281835114776386,-0.6986668554283565,-0.576189768024896
2000-01-19,0.5951928293297503,-0.8820409462081078,-0.9269092519942581,-1.3159183843536235
2000-01-20,0.428696351213699,1.1212603529400123,0.7826100976483663,0.4403076878334385
2000-01-21,0.570924623269855,0.20408180691796227,-0.16656668613696896,-0.760932206960811
2000-01-22,0.40546064924193936,-0.05947950103522953,0.3415323800928624,0.9933073264199869
2000-01-23,-0.998134463821977,0.25820317458327147,2.9370565328232696,0.9795527528802374
2000-01-24,0.6150186161058651,-0.529671579136351,-0.5294668109491883,1.6322655961576795
2000-01-25,-0.365267448978423,-1.519319061653169,1.3124151341153367,-0.18422448550675138
2000-01-26,0.8955722549234444,-0.17061011065072346,-0.7449343565768143,-0.17259183949146695
2000-01-27,-0.5295545168095347,-1.4927761375318098,1.2185197096332334,0.2032437245355773
2000-01-28,-0.9006836916423606,-0.0690903527330248,-1.3152751642204679,-1.380460624031278
2000-01-29,-0.3886958882176962,-1.628396540956097,-1.1790107478378953,-0.15403096052690254
2000-01-30,0.736604187718335,-0.2310447538463101,-0.17887349833842192,1.187246354973148
2000-01-31,0.3744239910194325,-0.7029180368581696,0.46197764345993847,0.13247263643702675
2000-02-01,-0.1035899981904577,-0.1768484860215892,-0.4271614699100681,0.9308666716190358
2000-02-02,-1.0010949271631975,-0.32923669121966515,1.269363656419887,-0.9377511470506504
2000-02-03,-1.7596253977596932,-1.786555899967338,-0.25080028627954304,-0.8273483488603623
2000-02-04,-0.7091192581465137,0.09694134745250003,0.7426940670995101,-1.1682205734817732
2000-02-05,0.9346030070209257,-1.3184645521756655,-0.9062902663449433,-0.47553263161419435
2000-02-06,0.06349860575491995,-0.2432586697314405,-0.5589427087303036,-1.1529604565799938
2000-02-07,-1.0730273552590988,0.37895655611564927,0.043656754168745364,0.6290760773172271
2000-02-08,-0.15977786702213612,0.2029142271209798,-0.8671785372861419,-0.285386559987993
2000-02-09,-2.1068688149468535,0.32970056661445046,0.045362217610877484,-0.26546372045465005
2000-02-10,-1.233589540130631,-0.02779810357247582,0.35638916393421555,0.753156404496313
2000-02-11,0.046294427198012696,-1.5441732579721554,0.4022808384759755,1.1011118402971147
2000-02-12,-0.0936844462005507,0.8970804760972285,1.5180206249939954,-3.3189167552239853
2000-02-13,-1.0537836669005956,2.3216731523171923,-0.2182441418366806,-0.8525225803938352
2000-02-14,-1.0819403557505938,0.2598421908594707,-0.4215474059560926,-1.082906614062153
2000-02-15,0.3784148163423875,2.670795622583549,-1.106410253724315,-0.16634507310994887
2000-02-16,0.5234959376173932,0.5963499803735368,-1.6955137218030794,-1.283918622047295
2000-02-17,-0.09390756720657614,-0.5082162351434881,-0.03523289812841819,0.5075030375521463
2000-02-18,-0.12717351254586187,-1.7559180595999424,0.8647173291151667,-0.32466405951403027
2000-02-19,-0.5108093862878063,-0.4005771608917047,-2.0348397840852317,0.5304239853759267
2000-02-20,-0.5771314074735752,1.079405455295062,0.06779380163668706,-0.12608777178328548
2000-02-21,0.4457437634583324,0.5749011278010127,0.9930935415486868,-2.0966387163947684
2000-02-22,-0.09283412864791965,0.43843295527475146,0.3187076277832415,1.1716049759238965
2000-02-23,1.0532650231758163,-0.39199935577673717,0.672062938668335,0.32302638772299813
2000-02-24,0.2475269887439231,1.1280124377465357,-0.28700524611296047,0.027737637613809214
2000-02-25,-1.2910574826321264,0.14953830485676567,1.0161627427941862,-0.5133493586629189
2000-02-26,-0.4470483971389037,-1.4538015245285112,-0.2422275381454889,-0.2436815470510594
2000-02-27,0.5633557557571222,0.2612479553045451,0.36827583888110943,-0.10626639136531099
2000-02-28,1.077857911134731,0.7834009422487979,1.1767325126089068,-0.6428729192151728
2000-02-29,-1.3447608273132747,-1.3578457270221618,0.6905933748875648,-0.5165153228695445
2000-03-01,-2.1185551650416734,-0.40145470730079696,-0.7481076639656846,0.863048677052312
2000-03-02,1.0765329949522489,-0.847066347956314,-1.2113754478055436,-0.27256319000215634
2000-03-03,2.4596830471617244,-0.1462680467474211,0.7961733349050074,2.2745616496740197
2000-03-04,-0.18305234628854297,-0.4244233276778374,0.6041789074764493,0.2321803434933774
2000-03-05,0.5649842782742119,0.2358832796717402,-0.3410249730763978,1.378342167170743
2000-03-06,1.2815262855930265,1.9188875113503843,-1.2540408299190864,-1.5563242566894775
2000-03-07,0.2771271556784912,0.9222335360938012,0.8648112264961546,-0.5671757731848803
2000-03-08,0.34744032840636846,-0.7057466736828568,-0.3654397723988386,0.4113218621342617
2000-03-09,-1.6001294416037481,0.0926498826438234,-0.8338186923143427,-0.5867397261221778
2000-03-10,-1.0923221402062089,-0.4858724376913234,-0.4825911242738152,-0.7099288322168944
2000-03-11,0.36697030691003896,0.3037351902976806,-2.470561092630378,-0.38671688454068054
2000-03-12,-0.4818088355643713,1.365737792270643,-0.41232515899497,-0.737046137815322
2000-03-13,1.3955673511891629,0.03827309389338388,1.0964625938168764,0.5684601340461486
2000-03-14,2.0846091953108727,0.018164942076079185,0.042783206785254366,0.30420527673707437
2000-03-15,-1.4856167405488887,-0.2934307574333977,-1.0605986541527237,1.9350513654878485
2000-03-16,0.14443169066745618,0.29369504564919224,-0.5424199143614299,1.959905501801968
2000-03-17,-1.9544363632870807,-0.9559737472475826,0.26638355876027725,-0.6190068290488853
2000-03-18,-1.3050223937366856,-0.023197992244747195,-0.44442967835808794,-0.702470556033971
2000-03-19,-0.9017906681890526,-1.2373150083691213,0.23472811482671316,0.9813794215602677
2000-03-20,1.5040516000552289,0.7689589160332572,0.2781300591194778,-0.12508401604055425
2000-03-21,-1.508206840137189,-0.05934929576614319,0.5715245173998359,-0.08753970961637436
2000-03-22,0.2501035862517578,1.1419569852560176,1.4158867568807214,-0.4764875488826602
2000-03-23,1.3193989840545313,-0.8440343956948363,0.3683729134963921,0.06382417047118426
2000-03-24,0.47213195618757525,2.090040850371942,0.3589714551861331,0.4775951445025999
2000-03-25,2.3340569732142606,0.5731089723291118,-0.6893517868524839,-0.7567150586376414
2000-03-26,-0.7714057417291037,-0.5825060729272735,-0.5405261051086704,-0.5697126231002055
2000-03-27,-0.27268163816526875,2.8913417825433227,1.2116875208670843,-1.1572420200161593
2000-03-28,-0.5249698088002694,-1.6614374464122061,1.2902777398221505,0.8104517528458246
2000-03-29,-1.1774098183618154,-2.089213213881905,-1.838473618044556,-0.9449016604443297
2000-03-30,-1.1401107730095965,-1.1649318330652327,1.5154015177082147,-0.10693620748851283
2000-03-31,-0.5554852046654912,-0.6616814041144707,-1.2082526057162801,0.43837225482585274
2000-04-01,-0.15208567278115526,-0.20075284736125745,0.4769763412090781,0.8054143305640827
2000-04-02,-0.9042789644412628,1.6210358948521886,-0.6548292335604553,-1.0638910520509313
2000-04-03,0.2087962540063861,1.6525815064366651,0.39125618822192343,0.7215427228204879
2000-04-04,-1.3576553873787627,0.07563300219181786,1.4571915258045725,0.65463657237747
2000-04-05,1.1476846954507647,0.1488038639710948,2.163508293097801,-0.00324147988606844
2000-04-06,0.4876254907350535,1.2421028239567105,-0.42312747563528275,2.121126948636642
2000-04-07,0.7174716047454733,0.29322166843615294,0.3966876979299535,0.7649221863114208
2000-04-08,1.7411606313514492,-0.3577242606502836,-1.214370852587667,-0.5443863805563028
2000-04-09,-0.7195911491163747,0.5833681950364297,0.024890817812297402,-0.37141500159068985
2000-04-10,0.657075110082996,0.21183103333747516,-1.1811311137018834,0.8402602630513714
2000-04-11,0.5947404653100534,-0.9064179586034788,0.46079434843839595,0.17756741045973246
2000-04-12,0.49397612244975136,-0.3750188024499396,-1.4096008828249136,-0.4244776543263087
2000-04-13,0.6686885588526423,1.060470338409818,-1.1035085056338754,-0.9444762870086854
2000-04-14,-0.29127916255254044,1.649426437216631,2.1484153672215425,0.535156280538001
2000-04-15,-2.275516776841831,-0.33194668733247357,0.03804633376627605,-0.594275225598049
2000-04-16,0.16755634941033065,-0.6886183123264009,0.09419484595891872,0.8443332242460748
2000-04-17,-1.298748888044014,-0.01067496047935202,-1.3345821100206077,-0.17361735693676922
2000-04-18,-0.9086064729502492,-0.14324899910824254,0.4210817945565142,-1.2161713827633256
2000-04-19,-0.3843096290451233,0.1800934291171152,-0.7470096328783277,-0.2663299137247103
2000-04-20,1.3586974483556225,-1.3049577456131063,-0.9781655174082015,0.5205514229899126
2000-04-21,0.887794974860879,0.08182411786827051,-0.11865154635714496,1.8568550215796167
2000-04-22,-1.4182659947189615,0.9806774446355837,-1.0085978839682737,-0.7946459581077887
2000-04-23,1.2054724218288229,0.9385109908515002,0.23745920514161886,-1.100054329636368
2000-04-24,-1.221368716415933,-0.9854037344440314,1.0323518414446926,-0.9354511755176241
2000-04-25,0.524507183728469,-0.4130944928458857,-0.23820375681082798,1.8342530738120195
2000-04-26,0.4044948481454169,1.6509686851137626,2.309610882114645,0.029858726930754743
2000-04-27,0.4797752917881374,0.07057275636414596,0.8001612551043853,-1.4073207011119715
2000-04-28,-0.1324931991598078,1.2214957720945887,-1.359224751729435,0.08555199785673746
2000-04-29,-0.5524161384308702,2.0099301884787804,-1.0213872436363078,-0.0533098289755851
2000-04-30,-1.0301241566696218,-0.644672353160064,1.6400788485514313,0.09684667645609352
2000-05-01,-0.41216772258558915,1.4491821032460719,-1.3074866113643084,0.92699481990011
2000-05-02,-0.40342719216735523,-0.4749538413514596,-1.0826931737665995,-0.8817292479772011
2000-05-03,1.6755281953387644,0.4178908677337252,-0.3002230928233554,-0.15091559334642812
2000-05-04,-0.14444372044515674,0.19450385425189617,1.0925411292752827,-0.055632464156596236
2000-05-05,0.9999107782668779,-1.0974090979356812,-0.56990485490467,0.4600514637131077
2000-05-06,0.4511027625427298,-0.14642112844734226,0.8184085944949082,-1.6045683142895033
2000-05-07,-0.13218191618583594,-0.617431873847072,-0.4009613923682209,-0.2435890526647984
2000-05-08,-0.038150059432024555,0.7914455414699713,1.662996717831785,0.0030385790237737235
2000-05-09,-0.7726175695625607,-0.36058524819627286,-0.8601678675873496,0.6434684726197345
2000-05-10,1.129934023290257,-2.0207384804904165,1.8157622034281806,-0.012594625711341864
2000-05-11,1.031539177650416,0.752499054568551,0.8367877986788568,-1.3939131075055318
2000-05-12,1.199936076545657,0.2834212357477038,-0.161695893441692,0.05397521360528906
2000-05-13,-0.754872613983679,0.12232085185164293,1.9741205363591037,-0.5580094846528287
2000-05-14,-0.4955527381165951,-0.49572548829332724,0.003714677593697618,0.272671095947123
2000-05-15,-0.17183760967261993,-1.7432717234088109,0.4440348371683425,-1.0057068987554783
2000-05-16,-0.8310372601268429,-0.2613570404438012,-0.03302217917438454,-0.15697441071690169
2000-05-17,0.294321947260602,1.2087100446220147,-0.37007708021151176,1.419319875057067
2000-05-18,-0.10543348901156341,1.0620874795010191,-1.5015883917479436,-0.221953910316246
2000-05-19,1.270799805827756,-0.7173860632304915,1.2781733235730883,-1.9868276096207782
2000-05-20,-0.37255174903750843,-0.9861419219076947,0.4364082979223759,-0.02626786045727698
2000-05-21,0.9010936760332593,0.8064117756657233,-0.44282758047985993,-0.2949799049623265
2000-05-22,0.9878507171896922,0.09571949012152393,-0.7848364797401544,0.4456578025264763
2000-05-23,-1.3168843322362154,-0.06921986574366742,0.26409061418231905,-0.44580398118777975
2000-05-24,-0.5297222465696484,-0.4618475101437445,-0.4950264269847417,-0.911355863925644
2000-05-25,-0.777920200495218,0.6429229035835973,-0.06903447286928675,-0.6258326453963876
2000-05-26,-1.4606527087861274,1.0034562974825398,0.28225545000804686,-0.3071404084931971
2000-05-27,1.00647530094823,-1.6686511419842003,-0.8386158706454121,0.8843131431125714
2000-05-28,-0.27505843400769625,-0.8382751951615299,-0.5737596297098965,0.35781865570906574
2000-05-29,-0.7464242123898116,-0.22046796931947313,0.8589030684933575,0.023095406553602323
2000-05-30,0.6938241449298643,0.1560729287965731,1.9502206176189958,0.4938877947806026
2000-05-31,0.3351624797591913,-1.1091727353763672,-0.1369590556360632,1.2135634770016503
2000-06-01,0.27777824434018605,0.04511832191517054,0.7140035654743963,1.4475706013023675
2000-06-02,-0.8113402643723374,-1.564215945550498,1.6076847877963405,0.7907576869486903
2000-06-03,-0.4197142352784846,-0.03113309732655479,0.9254315133214025,-0.213425508443052
2000-06-04,1.8002434222455956,0.12523206234533613,0.0015270246762948895,1.32073960778172
2000-06-05,-0.7224535909328479,0.07341067738810964,-1.2844755325472377,-0.5727754594789636
2000-06-06,-0.668904395507657,0.4037435737655098,-0.8577084600290321,-0.13730073690379843
2000-06-07,1.2794837975697515,1.837044472547031,0.0360094616955908,0.7319029751060153
2000-06-08,-0.7460192280636265,-0.2131287368719949,-0.9349825882843318,0.022286894428306833
2000-06-09,0.5071176756549248,-0.36550702681216035,-0.278362858841156,-0.598935774118213
2000-06-10,0.9381352732246322,-0.6591785304220595,0.38251400906781824,0.0023896649097265923
2000-06-11,2.1621579113479568,1.317311993524652,-0.3647792435458477,1.1489225225815547
2000-06-12,-0.04140596122922307,-0.5215336789070546,0.5118770045006631,0.11313615040464171
2000-06-13,-0.5409772125379602,-0.16053578193941345,0.531429054396184,0.08657134839320407
2000-06-14,-0.31414754661425615,0.2589309227609864,0.5917650644938969,0.9310810934266934
2000-06-15,-0.4786065434874688,-0.423504719288055,2.350366901469063,-1.373969505031032
2000-06-16,-2.477581404344071,-1.5579639711899191,-1.0619458790258052,-0.575306440514041
2000-06-17,1.291452720831073,-2.29225911075034,-1.6289439889723045,-0.9417702461064347
2000-06-18,-0.7869996367100933,-0.5909720810307024,1.0706161654904953,3.0478693590609764
2000-06-19,-1.5303736950520637,-1.977263500111259,0.22987388666524103,-1.1309221010937431
2000-06-20,-0.6586092482200886,0.6192189735900135,-1.9195677839668905,0.6781489095626743
2000-06-21,0.42673065504466096,1.1068270200234285,0.22567529594774563,1.37439229558083
2000-06-22,0.307297502430219,0.040334490213249925,0.8887432237476374,0.05343899900512196
2000-06-23,0.17730473871381613,0.39027493221427195,-2.0229686115804104,1.5662459248613902
2000-06-24,-0.752931558403831,0.46681824924465015,0.08153024140228661,-1.4196556304967887
2000-06-25,-0.608608173541613,-0.24912790320189998,-2.5288228244763062,-0.5354248769506859
2000-06-26,-0.30408898086374136,0.7738952711862758,0.02784230474892596,-0.02678802384486191
2000-06-27,1.092680598355329,0.7022300186180369,-1.3313793449495281,-0.7642806690746797
2000-06-28,-0.15868214432822852,0.8561337513286181,0.7928399892332935,1.5435848264117544
2000-06-29,0.9063966587555922,-0.28430379054318733,-1.3968657015993038,1.9965432905704683
2000-06-30,0.10608691547165984,-0.6017720633156844,-0.396615855133694,-1.0770139842224813
2000-07-01,-0.9354542585283907,-0.38407045712933385,-1.0436754847141796,1.159018013359867
2000-07-02,0.3968225213571069,1.1953185473889392,0.15695753599166032,-0.22889896775405288
2000-07-03,-1.1817024018026507,-0.6489735910372934,0.5303738606670677,-1.0934859402618726
2000-07-04,-1.4107426351372636,3.3505721670425594,-0.16838682356456205,-0.38317340682646056
2000-07-05,0.1311665616017475,0.1571816677028942,-0.26696009081757177,1.2052876883785397
2000-07-06,0.6990062613316796,-1.1198117786186637,-0.6375905796255611,0.912738524335396
2000-07-07,0.143610265015481,-0.011279381976181807,-1.1554180331976283,-1.2889114757264772
2000-07-08,0.576452062001234,-0.19118183098246402,-0.33814287898364986,-0.7592487415913093
2000-07-09,0.38089612911490883,0.42140525615280533,-0.07491922381664448,-1.2307514918431803
2000-07-10,0.7138029072602388,0.47037820461394864,0.013289352676758718,0.19701014495779312
2000-07-11,0.6174173185666574,0.7904464000481531,0.5739699485277174,1.6905779261040133
2000-07-12,0.26797982104033213,0.6775313258170734,-0.47852875508814346,-0.23105304203613627
2000-07-13,1.2867721042074625,0.0035294351538312876,1.1869828984266484,-0.41222383434369214
2000-07-14,-0.5744188533643423,0.6672950044273622,0.677949579933751,-0.8265499110851083
2000-07-15,-0.5421718238929043,-0.10390365438134834,-0.4984591730900238,2.5516719278331337
2000-07-16,-0.22251589366523641,0.2064102527884934,-1.7331236586980288,0.5916209286538389
2000-07-17,-0.7038179792845225,-1.1449813680013878,-1.492407082743951,1.5211356281524664
2000-07-18,-2.0314543411706283,0.48745953183288593,0.4694312886381866,0.26697730010519355
2000-07-19,-0.012675027910026913,1.0165972616884922,-0.45121058456592883,0.3781460256313868
2000-07-20,-0.3440195367467947,0.3295982402376365,-0.8903112112854886,0.23296078899359673
2000-07-21,0.23414190493453252,-0.5343216054932659,0.5027377254916552,-0.3638225451502775
2000-07-22,-0.8295556663587752,1.5798455208410076,0.6775184556153834,0.7637496530232393
2000-07-23,-0.1760259207091845,-1.454255986452701,-0.21954367017077664,0.27044096464203915
2000-07-24,0.09118857996718811,0.8288142741639501,-0.21462037664648642,-1.0231504666136135
2000-07-25,-0.46707549278570826,0.2254099308379306,-1.968046256407486,1.13457643821456
2000-07-26,0.49768716331717094,-0.04129858948068491,0.022009822309447803,-0.9398125564134165
2000-07-27,-1.6870152902801014,-1.4692229888595199,0.8305948282844786,0.23481695667775604
2000-07-28,-1.5644918640668837,1.287651062302002,1.1572268410763886,1.053594348102329
2000-07-29,0.3677704263203326,-1.672076375995164,-0.5048553186724135,0.4282115175874446
2000-07-30,-0.37043350178031687,1.254508138441737,-0.542375399175979,-0.05289214324060933
2000-07-31,-0.10033303607973908,-0.5972233269739622,-0.4028618238448801,-0.21261820978609566
2000-08-01,1.1950583514038906,-0.7713469579342046,-0.03935794906898221,-1.0304744488932864
2000-08-02,-1.1975510837087844,-0.3590797488305605,0.8821320928683011,-0.4851625438963736
2000-08-03,-0.04290741951913664,-1.1084368720941773,0.8175798860414482,-0.9421927217975608
2000-08-04,1.0063548351000744,0.674164653014167,0.09953529094813093,0.4633055229622947
2000-08-05,-1.0782277629628603,1.332890156460158,-0.9739059112833499,-0.15054393491132725
2000-08-06,-1.7722865725189987,0.753072445010117,0.8004679990588417,0.7407129930507487
2000-08-07,1.6724581707039186,-0.5402329015949952,0.8852755585224152,0.5222221129062544
2000-08-08,-1.0709121121327665,-0.029447644602276776,-0.32927807658807123,0.9826273125181367
2000-08-09,1.0877668476242148,2.6787202921010094,-1.2495041560425768,-0.4321374458760684
2000-08-10,-1.2236998267351147,-0.25356745820574467,-0.5729792010388631,0.6159265675620553
2000-08-11,-0.06731128190914454,-0.693308188040226,0.14890350993046475,-0.4735287563450109
2000-08-12,0.6083953095197412,2.078090206426401,0.18370692179675854,-0.9863734765633971
2000-08-13,-0.2786896831882638,0.304164425860265,1.4776380449866728,-1.45181367368976
2000-08-14,1.053697612586278,-0.7257659175774532,-0.22019341716218796,0.5103888414810305
2000-08-15,-0.7068667124909573,0.7440673052969109,0.4500965780450859,-1.537845064315708
2000-08-16,0.09935749731286467,-1.2076604492497045,1.5150144485091392,-0.23093495163785202
2000-08-17,0.5831106035618141,0.46478645394642765,0.8578682809611444,0.12121862798408291
2000-08-18,-0.8764334315788069,-0.010127226636534474,1.4790404932312389,-0.17822979983804504
2000-08-19,-1.260897808243952,0.05497004115368772,0.35667839185789724,0.30557095539526563
2000-08-20,0.7341278730970885,0.2566378951834988,-0.5266208005854938,0.22413425762332218
2000-08-21,-0.24161116187561119,-1.785322031494033,0.5988622458232165,-1.8927467799516184
2000-08-22,-0.476173146772161,1.56668429746992,-0.2807877596954406,-0.6137314964210356
2000-08-23,-0.01582081111593549,-0.11870986573368336,-0.26625068020637876,-1.0230949560226543
2000-08-24,0.01400411061978884,0.36301012004475774,0.15330535251498964,-0.2362558927969999
2000-08-25,0.5951314504389225,-0.5431299777012735,-1.3284058628769526,0.5326892860101694
2000-08-26,-0.6617686118286122,-0.5550357190272509,-1.1699494311667569,-0.333831439279196
2000-08-27,-0.3530361352022815,-1.685934009500633,-0.17060468554644379,-0.2945741784423558
2000-08-28,-0.6401643455407594,0.814826717639535,-0.2039992724081254,-0.2799669096178365
2000-08-29,1.7456358763004483,-0.07081559864049454,0.5507883671132144,-0.0168029517380243
2000-08-30,-0.6355540866356877,0.9281774323869408,-1.0783360165743372,-0.6395221871341278
2000-08-31,0.07550693752214208,-0.3184706760124485,0.14494897038442275,0.0788695387355326
2000-09-01,0.1881746627758422,-0.8453375317141679,-0.7191432484318679,-0.6842191140552422
2000-09-02,-0.1699470455959145,-0.26027726220506536,1.3845455600507937,-0.2515924152420043
2000-09-03,-0.35112593561242716,-0.18073394593164052,-1.1965072120625895,1.1949318889199223
2000-09-04,-1.7965928559259785,0.2064862150482035,-0.9418511230285375,0.8191085299200261
2000-09-05,0.35109539922859695,-0.9932140021229554,0.7242841612887189,-0.03906487406513881
2000-09-06,-1.0768749031962501,1.0899672064877854,-0.7944879967715867,-0.8796620626971814
2000-09-07,0.20399797106526568,-1.080022354131273,0.20443715825355527,-3.193872707334359
2000-09-08,-0.8715645370791468,0.056816669401872355,1.1145348084793172,-0.6815186149907256
2000-09-09,0.8285175154656408,1.0209042491934364,-1.8692894447938533,1.2198491186493887
2000-09-10,-0.9120186105462585,-0.5134969079529017,-0.3797253733425756,-0.7626139197129193
2000-09-11,0.7236299752189446,-0.6424480914400318,0.4026332939320718,0.6420417069247927
2000-09-12,0.03643392521408566,1.7924438123543882,-0.8586072034763539,0.32106479017876177
2000-09-13,-0.20124879635647955,0.39356547737417097,0.9462415757102016,-0.03490458590010718
2000-09-14,-1.6850131218645568,0.862948225455695,-1.4969518944411389,-0.9630433440140014
2000-09-15,-0.040265616247371114,1.2159167664089223,0.7772221279598927,0.1556400964152471
2000-09-16,1.3775639750850144,-0.7950665356524602,0.4571448406349754,0.33574702397777445
2000-09-17,1.0003581256619456,0.1993733381205452,0.4933800873618738,0.16296372998793407
2000-09-18,-0.22167191902725816,-0.36602220187194234,-0.9609006736136627,-0.5875622685789638
2000-09-19,-0.1666683016053398,0.570086434961614,0.7008124681382204,-1.1386637247894735
2000-09-20,0.7257519207277784,0.6438616194109393,-1.1881662076785522,-0.17305228420383248
2000-09-21,-1.097648682934951,-0.48688623471022624,0.5078958896846777,0.7189626828897753
2000-09-22,0.3186787319311547,0.37443567857462223,-0.9847797021416904,-0.8623405979033089
2000-09-23,0.39435017497984015,-0.23511967241464246,-0.38949635789148057,0.4854637238193436
2000-09-24,1.9124715485983637,-0.23224681503137978,0.05539412001923245,0.6078644881225028
2000-09-25,-0.1295536223621402,-1.182207926441767,-0.1797590655135385,-0.40270063422388547
2000-09-26,-0.581220299100316,-0.21079683491371817,-0.14928796521494808,-0.3882146677013077
2000-09-27,0.40121275981744126,1.1984636870344183,1.294984999247295,0.6854751336994159
2000-09-28,0.04239228046517492,-0.41991059277124554,0.46189437710982256,-0.6643011920650997
2000-09-29,1.183561982950682,-0.25237841355833385,-0.992054864714585,0.8780816926814581
2000-09-30,0.5600651620446089,0.15526657693192586,0.27007187629269236,1.7899344485349282
2000-10-01,-0.3438394739921228,0.9828964798920541,-1.6054788801986042,-0.4272750278183989
2000-10-02,-0.6537143379276906,-0.6761244889091693,-1.1270739481455947,-0.2581013248630103
2000-10-03,-0.17918122756910934,1.2080644117255772,-0.2980531433859058,1.0539811846299283
2000-10-04,0.23651345417077388,-0.16801272950782895,0.2652415634603569,0.5809072509083019
2000-10-05,-1.2494456662616995,1.3713653463789797,0.6067252973775087,-1.514937775422838
2000-10-06,1.2047877722811675,-0.3660180168205293,1.6344304507678293,0.19501174395382667
2000-10-07,2.696369745777634,-0.4351297034338188,0.8500929947216403,0.19370894892914217
2000-10-08,0.740108521464767,0.7732723985182051,-0.05379764989139108,-0.25084760086655594
2000-10-09,0.001469831835032485,0.10153434039326957,0.39931113893997416,-0.7418555272834864
2000-10-10,-2.339036293109253,-0.35645601190998083,-3.302040118539135,-2.315362715064473
2000-10-11,-0.48098384440846004,1.1512711293681464,0.3563722544430656,-1.4090777164619523
2000-10-12,0.4749515429026781,-0.04438110713438992,0.46704482295402205,-1.4917885337184094
2000-10-13,-1.1865834147389793,-0.1564909770816864,0.5770948869157841,-1.456324617122018
2000-10-14,1.9780907123032092,-1.2614171219147523,-0.43099695684375167,1.3921016413768892
2000-10-15,-0.7111602829107272,-0.8737094324063098,1.168666330595042,-0.6600528304264806
2000-10-16,1.1882630014075262,-0.2824423553654643,0.18689741828761686,2.697603972562008
2000-10-17,-2.428192910109297,-0.24554750180278692,-0.6760620886081007,0.9230139521084468
2000-10-18,-0.9149040691024386,0.28377008588861713,-1.3584228234984657,0.8225954442227638
2000-10-19,-1.6633480206402256,-0.5663237839616546,-1.2603641560793926,0.8522295242836155
2000-10-20,0.6238335326672286,1.1193879345678936,-1.0884416773431007,0.24710906686381648
2000-10-21,0.34950617293308683,1.4176594105997469,1.1562539458112158,-1.1439508491151467
2000-10-22,0.30187047111077486,0.32547459241796123,-0.9093013779913816,1.0995072428811101
2000-10-23,-1.0430743235155995,0.968636429490506,0.8906737213740386,0.6355219008428468
2000-10-24,-1.2348863202391231,0.6920480544887674,-0.09782183710442978,0.505117134337256
2000-10-25,-0.7504269245223403,0.7937308733129319,1.396112319574415,0.026468280962499192
2000-10-26,1.4867285520882516,0.48609184702212394,0.25368456364984804,0.15260833922666436
2000-10-27,0.9272775855015887,-0.5838920094640534,1.3677341182299425,-0.7191548382458647
2000-10-28,-0.6607792817471148,0.47671627836005687,-0.17451771688193066,-0.8436057513586568
2000-10-29,0.7837935524451515,-0.7353174544305111,1.0157577879853856,-0.6658602442560877
2000-10-30,-0.8798229821193908,-0.07364906935719033,-0.778569270712279,-1.8077287818104306
2000-10-31,-1.7577073795026785,0.06862169887612622,-0.17541925622712964,-0.20656383178768098
2000-11-01,2.4738283966591554,0.37182466607050035,0.9603712020755579,-1.4865050390268628
2000-11-02,0.6420387132533567,0.13150970248552182,0.9884560381356048,-0.24931624730566343
2000-11-03,0.5786618926484918,0.6794003896697124,-1.416806234602009,0.7317163244021756
2000-11-04,0.46907883146043383,1.5352238093039692,1.6446933418779721,0.5409636907760788
2000-11-05,-0.5637579129008258,-0.23952409869505775,-0.13249162616521157,-0.27025399852842025
2000-11-06,0.07707241479237245,-1.0621067189008906,-0.2579728020464319,0.5954563341321729
2000-11-07,-0.6589824554090453,0.6417225909741087,-0.41331700121407744,-0.9209375834351669
2000-11-08,1.6273553556973268,1.3573476980167072,-1.9513243929244182,0.6773162675067379
2000-11-09,0.13401384541193714,0.7980541579564236,0.0959295641824525,-0.7910887328020983
2000-11-10,-1.3808015369602453,-0.3041592296026066,1.186555981787673,2.3012453618508313
2000-11-11,0.6675390096879,1.8264549280265527,0.011271693967883177,0.7827569395390012
2000-11-12,-0.06891556038578671,0.8437936357185299,-1.4900590389639417,-1.1140553925276997
2000-11-13,-0.4291487722138032,-0.9065701611169792,-0.9025108635110228,-0.5148354049846253
2000-11-14,0.005161177147456253,-0.8322284848840166,-0.09825946406902203,-1.8608917957169278
2000-11-15,-0.6251447375434882,-0.10647526413358965,0.5984490034828676,0.37058438271497546
2000-11-16,-0.44949320377183544,0.5326376925522077,-1.1432925619146566,1.7968458015910738
2000-11-17,-0.29422050333437555,2.1184092321778913,0.5692363459691322,0.07619544195020364
2000-11-18,0.7517486584181746,2.250723425445564,-0.9841271344554514,-0.20289123264241826
2000-11-19,-1.8899582328076274,1.6833954847977304,0.2773889051760505,-2.1938631098763284
2000-11-20,0.3751986068541426,0.40417501035252196,-1.5179399016439945,0.09733765722642289
2000-11-21,0.20421304998607834,0.26823617269165634,1.9776859351055731,-0.6989758998883516
2000-11-22,0.4003688296207205,-0.6449152294925931,0.4451958627829497,-1.3684286443479556
2000-11-23,0.5283710892207445,-0.21780678817046295,-1.2016024780379642,0.8508453308887749
2000-11-24,0.19542916634447835,0.6323022050892301,-0.3114323743522023,-0.450752475916328
2000-11-25,0.19974757729083448,-0.36576692332805666,0.2823910376295772,-0.4496153302432749
2000-11-26,0.16892819331179756,0.21356220958545227,-1.059443681845855,0.8982150330545411
2000-11-27,0.10714514641387576,0.24486733593864016,1.3390181598115432,-0.5227252652043144
2000-11-28,-0.2839949202455633,-1.3754773296838398,-0.11878068893986168,2.33378668241853
2000-11-29,0.04011601518245396,-0.47245167784968517,0.5671199752018055,-0.5951990320350721
2000-11-30,1.7018297566052512,-1.4698261194169167,0.7025759101668254,0.1945330719362294
2000-12-01,1.5017207576667468,-0.1239365797888028,1.019801915082391,0.13209894917253234
2000-12-02,-0.7516893237778571,0.04304902228533293,-0.42236080997009595,1.4570797722471005
2000-12-03,-1.2121631544754028,-1.0883415455906456,1.2723448104558523,-1.5722687117219252
2000-12-04,-1.0476539201970474,0.4073459379109032,-0.05357493464896743,0.07257041743130793
2000-12-05,-0.31498785867186824,-0.9484011441862894,0.4234067234714384,1.312587437527433
2000-12-06,0.9215076229044349,0.4032314841067501,1.0603993155469007,-0.03097649642648297
2000-12-07,1.9415272386514009,-0.7018085581171484,-2.013119692039043,2.0800489394827175
2000-12-08,0.7205484110055513,-0.1733425688372664,-1.0057610594006563,1.0782504399099364
2000-12-09,0.3474056459950909,0.40522008422349093,1.3208474144090372,-0.27061769083606163
2000-12-10,0.7364154550034453,0.4585080746650474,-0.850774299809843,1.2463868865644545
2000-12-11,-0.7077794350078763,-1.2978807515778774,2.321744031978357,1.9175256322090486
2000-12-12,-0.7908146616026144,1.198183966798581,0.48772078709982497,1.7592745383457278
2000-12-13,-0.614811254490069,-0.9371406580443714,-0.1353593584520099,-0.4926039719419245
2000-12-14,-1.2857262480965395,0.17403074616740752,0.5008771591374176,0.9031762651545118
2000-12-15,-0.2170614338174529,0.8396955162334209,1.1805022318819727,-0.04503010074971018
2000-12-16,-0.3565408505222896,-0.5591015945505852,1.299878510572911,0.15503717347612672
2000-12-17,1.209672333559133,-0.7092248679286862,0.53151596071505,0.23461396725861008
2000-12-18,-0.4722350907492807,3.044673958536038,1.1416473241278104,-0.579603643365112
2000-12-19,-0.4343447737238921,-1.3795533873802948,0.2953289458838477,-1.3069515998516286
2000-12-20,0.7504619047467654,-0.9916755624140674,0.8203267405357898,0.594601463874741
2000-12-21,0.32149878174396124,0.42470619086170014,-0.07797644201455471,0.5525457772840027
2000-12-22,-0.6101971470306352,-0.34663933327868796,-0.20356891129978483,-1.4052694133064438
2000-12-23,-0.010231375871870724,-0.4546071514374099,-1.21206179252974,-0.7111693962002459
2000-12-24,-0.3124739886528279,0.5192666556405947,-0.47209335239469,0.46156836856644495
2000-12-25,0.6827297223405521,-1.2095961383466616,1.220746868829774,-1.3847894102103602
2000-12-26,0.4726728662379467,0.9363424025722998,-0.5538241446824155,-0.6281564210452786
2000-12-27,-1.1142856559282828,0.32242126034209734,0.1766605627478988,0.3958565331355247
2000-12-28,-1.3180174230682418,-0.6380067451554656,1.2027363820712866,-0.6195511590970122
2000-12-29,-0.5676184438799238,-0.07033129036675674,-1.6131439413345956,-0.4213767994719658
2000-12-30,0.20522261579327467,-0.15312117350402368,0.559738169721806,0.5737017944616832
2000-12-31,1.0536869833883438,0.160902014176293,-0.522207527687183,1.6974655281878197
2001-01-01,-0.3866723529746569,0.09876252835384362,0.4445980148503305,-0.021867787520901655
2001-01-02,0.0494553638721256,-1.404040256213353,-1.8563332594647044,-0.6961244942518028
2001-01-03,1.4466795752372639,1.2071367155966297,0.2340914010042033,-0.49294611141614103
2001-01-04,0.691087024539471,-2.6119033759455497,0.1244379129480905,1.8485620329728207
2001-01-05,-1.2232336048580055,-1.2181562351575284,-0.7329910203763886,-0.49762782075813494
2001-01-06,-0.2504850253028396,0.38180344119640375,0.26642748783165915,-0.8893500788259167
2001-01-07,-0.8530354926604645,-0.45712389436886786,1.2776925950167013,-0.24955335677348833
2001-01-08,0.9215458742327133,-0.4305813381063405,0.38302501571196246,0.22347606757912208
2001-01-09,-0.012788222617958239,-0.5996586069020126,-1.6532119723906475,-0.7465218789586131
2001-01-10,0.0818958367752515,-0.2514369732039327,0.2523397920433919,0.5984252469967801
2001-01-11,-0.15746505016854648,-0.4674785305806906,-0.35735367637461984,1.036038012763853
2001-01-12,-1.6038843619155936,-0.814364630971292,1.0250982726326228,-1.4185497279078845
2001-01-13,0.9744240662585496,1.236172956678415,-0.3379088410629143,-0.15515725489655488
2001-01-14,0.7385246123619572,0.3707599872600401,0.24007743325673772,-0.7441002100865705
2001-01-15,-0.429070717019313,-0.35234542613112974,-0.240453653576134,-0.7487598062034774
2001-01-16,0.6008005476276149,-0.2681493616159229,-0.1632871652902117,0.15482199762294885
2001-01-17,1.1997481445228277,-0.41047014807149,0.7450169603302479,-1.095682291264902
2001-01-18,-0.31766119683948446,-1.3824122154531338,0.5250260794733481,0.4275508942012861
2001-01-19,0.6922748484882413,0.07297841745776933,-2.1418423979381527,-1.6566787086357233
2001-01-20,-0.7302366432556822,-0.028915839318671088,-0.9996869723456906,-0.3074038326670577
2001-01-21,-0.6959647714228568,-0.3633952432698905,-0.030100007108011424,0.877127043637018
2001-01-22,-1.172350584744611,-0.7204831467306567,0.6717061835150697,0.6507014210094133
2001-01-23,0.7117654325221694,0.4963035234136611,-0.8117150779352794,0.6666308818931844
2001-01-24,1.1491659470140323,-0.566340495710713,1.3175268390014514,-1.2889714101068577
2001-01-25,1.302735309694459,-0.335839469951224,-2.695876155510458,-1.7584667968370244
2001-01-26,-0.32578974335725186,-1.5662951363002828,0.24475370025358065,1.7906477319676153
2001-01-27,-0.08437994462644915,1.1245041284756856,-0.7513037866151009,-0.33851485563937667
2001-01-28,0.8253987208974005,0.07323064716919252,-0.8145656485454043,-0.9520414720299621
2001-01-29,-1.699807570208922,0.2613836791852202,1.5312407596981876,-0.7841940452392702
2001-01-30,0.7646594427863784,-0.7443101894593946,-0.8088314401014597,0.5430977724590021
2001-01-31,-2.002181694298523,-0.880613349417435,1.6026079240824989,-0.00928756360072206
2001-02-01,-0.19320428769405526,0.18850862917487346,-1.343096913637748,-1.864645945145962
2001-02-02,1.2964618206165404,0.27282122547174487,0.18444919711960236,-0.7768349703787626
2001-02-03,-0.06798244657625836,1.41178214555819,-0.7692559687508345,0.27689662109985097
2001-02-04,0.11197248817598981,0.44759735999110273,-0.322570244830042,-2.137805171676477
2001-02-05,1.1576785616891778,0.09211366098506202,-0.023169330164723636,0.7020571932885932
2001-02-06,-0.5286246923536022,-0.9463019641502435,0.2679320314913329,0.7720300796110028
2001-02-07,1.165784670190938,-0.9458967459922731,-0.016433304440605565,0.8101833747830447
2001-02-08,-0.07341984402695456,-0.03800433725679499,1.4921948158826719,-0.03717249176384013
2001-02-09,-0.19257614240794926,-1.42065153321164,-0.9219142815608854,0.24634238780678475
2001-02-10,0.14952117405495227,-0.9233946831137053,0.10254167842187073,1.2435227657395724
2001-02-11,0.5685974048035017,-0.36681148015015375,0.021482081467221487,-0.8203088331294165
2001-02-12,-0.2477329153886231,0.9705984851866183,-0.31414397760766444,0.7459763543209643
2001-02-13,-0.15282112857458563,0.13600478500394775,-0.9304291859468395,0.943383167977706
2001-02-14,-1.933533992412881,0.5304029611640307,-1.605453451491503,-0.749687563792309
2001-02-15,-0.7010187377297643,0.6183023431563726,-0.9281297416774104,0.2102499983358422
2001-02-16,1.1867705873561125,0.411152330016664,-1.6053115031077523,-0.9497979960103509
2001-02-17,0.17598083851690977,-1.9513060390503019,-0.7445666617985277,-0.5526971108391318
2001-02-18,-0.9070779345844152,-1.38980253430999,-0.3813488047031204,-0.9749774615188886
2001-02-19,1.0313196649656329,0.07952603044629385,0.43913752814923274,0.19032125436836203
2001-02-20,0.5409709436108017,0.023568788976711663,1.048408381845294,-0.7141644929063299
2001-02-21,-2.6840456213506823,0.19589067366714652,-0.22017276408633768,0.10151785294576313
2001-02-22,-1.9173223089160183,-1.0126358879969857,-1.2294146823743057,-1.1555263000278573
2001-02-23,0.31547082760221623,-0.48171198391694636,-1.730348375909784,2.000876207130884
2001-02-24,-1.0577639377840362,-0.17459896426385885,-1.8737086658639004,0.44760544407947833
2001-02-25,0.30943152215029474,0.3636530011581422,1.884677094669827,-0.9220690733075614
2001-02-26,1.4904322749844414,-0.2886122975639217,-1.215358772891292,0.041517782988295324
2001-02-27,0.14611042444041578,1.0843160199576891,0.6777842496180105,-0.3069304764284575
2001-02-28,1.7626581974008648,-0.15043368818541472,-0.9584926990854606,-0.5301180347098312
2001-03-01,-1.118125436221153,1.4622506993306472,0.6968772013582499,1.4037538084216092
2001-03-02,1.020449335020603,-0.4360375045114825,0.06359485374088016,-0.639746063006811
2001-03-03,0.5749715904771598,-0.5390276704916139,0.32348975751929987,-2.784823530341278
2001-03-04,0.8895325625882249,-0.17696085942708276,0.16410401125066162,2.4977229370136502
2001-03-05,0.3585824367376669,-1.1019339886210813,-1.207925200618565,-0.8460736889837583
2001-03-06,-0.5418704220870265,0.16411178085386313,-0.2418114249157716,0.859928370549325
2001-03-07,0.41202888951859123,0.3392997121763578,-0.8797868535063087,0.281051400084968
2001-03-08,1.587519415946576,-0.5604247951886712,0.04069925205745119,-0.7460588357102627
2001-03-09,0.2863043705818441,0.573078715184999,-2.266619125182358,2.2366236955304513
2001-03-10,-0.38811435070494676,-0.040801032135445295,-0.7469562229107412,-0.7206576123209364
2001-03-11,0.7834025500551339,-0.8226668679387658,-1.334828221850821,-0.18450994123399947
2001-03-12,-0.2767579684320861,0.578852316600852,-1.0229306200417358,1.1474094723133683
2001-03-13,0.4873102296840427,-0.5284295148331162,-0.24297635741017912,-1.4988472450184438
2001-03-14,-2.0560533037773805,-0.25074017592248266,-0.2349565316332592,-0.2615602317128714
2001-03-15,0.6481593453444113,-1.0506058190979086,0.18564804333400858,-0.3872850982767694
2001-03-16,0.3845155754575846,-1.0973853068025103,1.2331695675528842,-1.6762109647783212
2001-03-17,-0.10954086821142865,2.1254681647956173,0.5656376211848058,1.528959513224561
2001-03-18,1.2934916543177148,0.945952695866869,-0.7919296688059536,-0.3834747431310824
2001-03-19,-0.3651663432282869,0.2709400592586078,-0.43670621027290246,0.2634707934716444
2001-03-20,0.38136323166533515,0.3766303624330143,0.5578836001414476,-0.3916819192031667
2001-03-21,-0.29878739267481086,-0.6109780665808101,0.07267062594191687,1.1362840802138354
2001-03-22,-0.042277786214580296,0.6084344761584334,0.8721267377160449,1.7896636961057633
2001-03-23,-0.7882016407188372,-0.7256040345341117,0.2339739315002962,-0.4348830473677454
2001-03-24,0.47204250376507695,-0.29095163929211565,-1.216306416417213,-0.503145197322049
2001-03-25,-0.61751472492095,0.344338027602334,-0.09880087626593545,0.15807260789611305
2001-03-26,-0.7968098044865295,0.3185865702211033,0.7084607975877969,-0.8113321468568696
2001-03-27,-0.4640354144543842,1.1264489739504768,0.4716583149222631,0.18535355720975685
2001-03-28,0.41225797904662215,0.35785803059416466,-0.26119148599977976,-0.9039674293349261
2001-03-29,-0.9664694245616213,0.6380112806713741,0.8084145120544985,-1.5152800522129164
2001-03-30,-0.8637479817379392,1.1581056682905073,-0.25526620516212173,0.7602898051740571
2001-03-31,-0.7316536953254887,-1.2922473696049612,-0.2910446847109199,-0.37285785408968003
2001-04-01,-0.7122042538302207,0.7250500242828722,-0.5684459063658505,-0.39468276426811977
2001-04-02,0.23566407462063105,-0.9009606761691149,-0.2741644643068626,0.6247150638492538
2001-04-03,-0.5708744800871044,-0.28423639912628434,-0.5263225957827535,-0.15668058393262566
2001-04-04,0.6056514311334327,1.3044250382822529,2.669294144969251,-1.5694874484306638
2001-04-05,0.8441614083459784,1.0412912476238319,2.1374920910066373,-1.688362197401564
2001-04-06,-0.1766179063437227,0.2670917669269487,1.7024153554849402,0.6807001015996841
2001-04-07,0.11081758014253613,2.5208641086881696,0.10902552086308008,0.3680959234985845
2001-04-08,0.33944842935999425,-0.4894514203754455,-0.028275740339682807,0.5372097837767363
2001-04-09,0.7503149371298846,-0.19916486354812055,2.177716732920922,1.4438092234541435
2001-04-10,-1.1914546302968065,0.9975429954224195,0.5310707104682805,2.537758757808448
2001-04-11,-0.7476529147935368,-0.6547114613553486,0.26472976263328124,-0.753987542112928
2001-04-12,-1.536248255337097,0.21046600049272504,-0.9523695769431431,2.5614867720991836
2001-04-13,-1.0262589678487841,1.3413274249651832,0.3975806074562542,-1.1856412831399858
2001-04-14,-0.39743329486359297,-0.2300135598070928,1.2452597421237925,0.5996001553076532
2001-04-15,-0.09316272928535561,1.2673343085101356,1.0003965095185905,-2.0090062209665187
2001-04-16,-0.6110286871184293,0.11019612396023565,-2.298513392978367,0.10004134325820647
2001-04-17,-0.7263753784304195,-0.47421321901539554,-0.8663796404775693,-1.177940625332573
2001-04-18,1.8071945602490436,0.5683000290399861,0.6553766603935086,0.5837270873482215
2001-04-19,0.8171565345808264,0.5480198452549878,0.14262995218348834,-0.7152447984427404
2001-04-20,-1.0960742463585154,-0.5173777474439305,0.41309319705649117,0.34364785594806596
2001-04-21,0.46455160214419844,0.5532700909542239,-0.6763277999696212,-0.8478421249474942
2001-04-22,0.8498572654608634,-0.19489614120109797,-0.49245037237567657,0.8342955064973494
2001-04-23,-0.955549355859381,-0.8684976583390923,-0.2101908898957802,0.7938601721822607
2001-04-24,0.2870787903511749,1.2364534659322008,0.07519787248422857,1.0019169298754924
2001-04-25,1.3630260469895354,-0.5774547385172689,0.8904671984471786,-0.9019327202698739
2001-04-26,-1.2460570572567662,-0.8171454134634292,0.13330569568263342,-1.4332695517993561
2001-04-27,-1.0923915279866308,-1.1640212369521368,0.9274826467635895,-0.9719654423119595
2001-04-28,-1.1098714515192785,-0.5423796277185686,-0.8311362372251175,-0.44045841952397924
2001-04-29,-0.6938287267004423,0.7244838292075757,2.6181184819865084,1.1395888233348583
2001-04-30,2.1217830719218753,-0.03813413909512061,-2.02249111006644,-0.3204532984985713
2001-05-01,1.0940742757668545,0.12871186708590598,-0.7422599577762267,-0.48017465613174953
2001-05-02,-1.0458352230896797,-1.0704282773383134,-0.3096650263137136,-0.05190063722481791
2001-05-03,1.8693082845780653,-0.2715012664851495,-0.8985132128547871,-1.2656221676276471
2001-05-04,-0.6030267304795497,1.8926691075207451,1.875113058755602,0.9065228568391038
2001-05-05,0.6635969080878352,-2.441944922219142,-0.13502958347823618,1.020948734994826
2001-05-06,-0.4117120962204529,0.4165844750113704,1.1326492470791278,-0.8126900192133202
2001-05-07,-0.06322910387974837,-0.9371727258491154,0.42917781211264566,-0.26412947015416444
2001-05-08,0.4008551058901079,0.8973238323475858,-0.2815647399428628,-0.8949879132499111
2001-05-09,-0.922237699324147,1.854090128288286,-0.3475280140566792,-0.6000654475232955
2001-05-10,0.811963067186586,-0.1359028311493907,0.34525542118178104,-0.6746010151458022
2001-05-11,-2.0092261229009405,1.6668680862372551,0.4121913093405033,-1.1311386195034743
2001-05-12,1.08702293831121,-0.0160191527066262,0.481179833967135,1.3982683769320507
2001-05-13,0.8510196558412751,-0.7140807166128441,1.6896806549742138,-0.44050860857883184
2001-05-14,1.1132282594964222,-1.0069548859847748,-0.3915392377142147,0.3083462025497247
2001-05-15,0.2673605223050427,0.8784287460544135,1.4840345104388453,-0.8985346095266866
2001-05-16,1.2875289073738263,0.9945125950610991,0.5076392230274315,0.059538995195343364
2001-05-17,2.3679889024858225,1.2369188172126442,-0.03766540450618502,0.4621697306695796
2001-05-18,0.7766135171800579,1.592523473603244,0.9478670953712264,-0.6805772099002354
2001-05-19,-0.5182090223856964,-0.0917469937219863,1.2590473410790952,-0.06240213635353493
2001-05-20,-1.414100730427478,-0.49449137193130227,0.642715912561732,-0.6594585362671153
2001-05-21,-2.1612952264814345,0.7610846787610709,0.3987466886633752,1.037671565677403
2001-05-22,-1.6927363166708116,-0.16009661012310716,1.3565351361929971,0.5289497311781404
2001-05-23,-0.42429872582167927,0.03035414352149893,-1.0175585833465994,-0.5732732921642716
2001-05-24,0.42232390540605225,-0.11836865452068052,-1.2874299755390541,1.0377350908718086
2001-05-25,-0.7101274632198464,-0.2909446732381868,-1.0920554372755145,1.199394505589256
2001-05-26,2.101265764043077,0.10877985021939317,-1.0788405136698032,1.0519051876489593
2001-05-27,0.2675497368317322,-2.1616108806003895,-0.12420145221206214,0.7557853887872829
2001-05-28,-2.119652882053244,-1.004099425775226,0.5631903655401764,-0.42162637804384245
2001-05-29,1.013264615281317,-0.7833862391748814,0.39868952652914186,0.6940658343376731
2001-05-30,0.9254160761838779,-0.12199264030529025,1.44866835829532,0.5333629221222258
2001-05-31,1.6150453396933009,2.1880031061674585,0.5564267343769027,-0.12052691747407769
2001-06-01,0.45824964132949225,-0.7190036462365513,-0.4668573741911391,1.0281588459718167
2001-06-02,0.020370276190126404,1.653103659801241,1.6090536222571932,0.2965161540806811
2001-06-03,-0.6836037906316595,0.2736663390320817,0.8828697808316989,-0.09037598966429052
2001-06-04,1.6510772919409133,0.41512379309759584,2.7491529444171063,-0.5418354501544207
2001-06-05,1.5269642567601345,-2.6822935091902043,-0.20406484031592578,-2.3372266520333045
2001-06-06,1.4381839841055981,0.7474310095726067,1.3795258531918868,-2.1921906338053074
2001-06-07,0.18814838973099585,-0.8199082517167211,0.6730483676780071,-1.919872582038158
2001-06-08,1.5462154391961755,-1.0541362398025405,1.7227758162262463,1.7914979732798688
2001-06-09,0.6113351947751623,0.3618137154200238,0.054796161610409524,0.07033350408172445
2001-06-10,-1.0329562325186177,0.33445951342682756,1.1698727937939004,-2.098881345276993
2001-06-11,-1.2769174840467268,-2.141734546412628,-0.5056550540745586,1.3259361646676384
2001-06-12,-0.009728364087440934,-1.6185565923906575,-0.6504036898564891,0.9326551297067663
2001-06-13,0.6374097095290672,1.83302715284497,-0.04221910713960544,-1.3370969201532965
2001-06-14,-0.8719983140144658,0.7189964406088248,1.3215331344828931,1.3063862525421743
2001-06-15,-2.0133960349315387,-1.1196641974885477,-0.7677639166506663,-0.3986444309184114
2001-06-16,-0.7597557281697639,-0.8828779083855426,0.25110477613051957,-1.0194836618361747
2001-06-17,-1.4265332924921252,0.5642885849373095,-1.860829251141793,-1.3814134243842737
2001-06-18,1.8784590003850106,-0.09363066385478903,0.3554251537925878,-2.1767406882429126
2001-06-19,0.09922866213698246,-0.15374594513541884,-0.2838129889486837,2.0985165255940896
2001-06-20,-1.9513489069597147,-0.44619677509812006,2.105687972677842,-0.45495424040223065
2001-06-21,-0.08807664578531806,1.3152982354688127,-0.9489740365448385,0.23653372850942647
2001-06-22,-0.831655740310584,0.6377765643397186,0.9314169390531533,0.4552322793933706
2001-06-23,1.0948203270368493,0.7424251082358629,0.20721913270725043,-0.3909412440722892
2001-06-24,1.2270710559676319,-1.4691038920016346,0.5134982688765825,-0.29720923511087166
2001-06-25,1.3413591527021884,1.7637207579481295,-0.5620231958493866,-1.925902532388176
2001-06-26,-0.2722587500141413,-1.48757672692066,-0.4410605115508258,0.05658255269392505
2001-06-27,-1.6715031274309569,-1.1817871370360744,0.11573496306567622,0.8660914755679042
2001-06-28,-1.186519899152282,0.8985709856506547,0.24580786169275834,0.881096449462472
2001-06-29,0.15596694587046908,-0.38093705393259153,0.45420372380957424,0.38096242892275856
2001-06-30,-0.9526429043788327,0.6261198805383936,0.3808126677345435,-1.1186967030680408
2001-07-01,0.9021025991676801,1.090407354453771,-1.0191694751339098,-0.3994040209995586
2001-07-02,-0.7486259170642675,0.26443762705797413,-0.23439741099259756,0.7205448179799778
2001-07-03,0.7607533989872227,-1.1329564834959693,-0.9442737685492635,0.12570632808549334
2001-07-04,0.8535872650511527,0.37923736813225506,-0.1226054746013235,0.9310056541263527
2001-07-05,0.4023450259486001,0.8764703625853453,-0.32557661921270203,1.2481254645334716
2001-07-06,-0.24687734676388015,-0.609386704723072,-1.169598096699331,0.25005651222052394
2001-07-07,-1.5285303991017176,-0.8170773244937535,2.455402167207822,-0.041548415877185496
2001-07-08,0.5478644037733887,1.0055526291038552,-0.6651995529116349,1.691660727810008
2001-07-09,1.0354020120493213,-0.6497599239412827,-0.49959463716036784,0.43175242910985345
2001-07-10,-0.6219275185014637,-1.3510688653422969,1.340897495526911,0.6769577246174406
2001-07-11,0.7262201330353831,-1.1903344600573567,-0.5780058785231208,1.7021489236518004
2001-07-12,-0.09498909443559919,-0.027012880031307102,-1.6486644190877835,0.03271161304252448
2001-07-13,-0.4268078123930925,1.1761803832512643,-1.9983284478900052,-1.2494808626800162
2001-07-14,-0.676585913003207,1.6473441640927444,-1.0682529490762276,-0.12062030128218718
2001-07-15,1.1207547018073611,1.237224752729482,-0.7747058530615005,1.8443139141304707
2001-07-16,0.6877800926097174,-0.3312384160953065,0.24140316698283593,1.741556832682733
2001-07-17,0.051318050483504796,0.44693115529223076,1.3042021395602996,-0.8508707766631982
2001-07-18,0.5752551442986468,1.6490206188301022,1.3063180064329525,0.28597151550811095
2001-07-19,-0.4318767094183705,0.49871783312367707,-3.3939357726764623,-0.7383135724674187
2001-07-20,0.5139303055113643,0.40808848340542264,0.32262880917397985,-1.4615961035306648
2001-07-21,2.3145279576470013,1.0409903631691497,-0.3021100985108031,1.7507596502565903
2001-07-22,-1.6602315068157179,0.004776731826005769,1.8825795349757655,-0.5717481467213271
2001-07-23,-0.2962811603399308,0.011652058200287656,0.15111471308166874,0.4075927287364748
2001-07-24,0.14971268294286344,-0.2944989993439979,-1.9710619668652096,1.2509811718359123
2001-07-25,0.5750260315073935,0.49214029333832116,-1.7819497091086491,0.3910655981617985
2001-07-26,-1.4684450733078882,-0.4918945368305758,0.4384220403785784,1.3653886382031102
2001-07-27,-0.13127779405457768,0.29206900308489675,-0.06479576124361588,0.604717342428142
2001-07-28,1.7776310290164692,-0.45691658564349286,-0.13025285001211495,-0.8053306041968038
2001-07-29,0.18941547730505484,-2.7261061594411227,0.49314334015855843,0.9489991351004254
2001-07-30,1.0735554936489657,1.1025629126691179,0.04185135737208112,-0.26392075111540564
2001-07-31,1.2796938413657446,-0.4795903927008624,-0.16559236713463585,-1.0163231615773953
2001-08-01,0.10307741719738779,0.6831459291021987,1.3741763917265124,0.7318664870850409
2001-08-02,-0.17902891303060262,-1.0767542392977631,0.19094818464223706,1.323368464162043
2001-08-03,-0.5853719845967821,0.39224319525370976,-0.7563255104773482,-0.573964870060005
2001-08-04,0.3221977460008298,-1.1004539358322822,0.6516841747784801,-0.1724229060101955
2001-08-05,-0.5417399226071375,-0.009297130786578596,0.640200670948466,-0.06419279394982787
2001-08-06,-0.250034499821755,0.12611232449508372,-0.34007193592933627,-0.5170832588065053
2001-08-07,0.5638230197562552,0.2138552798621494,-0.15132253466460907,-1.0165804059267693
2001-08-08,1.0785214050426786,0.22575069112000246,-0.08937081393129596,0.06001296829878214
2001-08-09,-1.6042462670488244,0.7201166917293317,-1.6044740212350124,-0.9826718554214259
2001-08-10,-0.5022833716207522,0.6783831024850137,0.17146129664307438,0.1282374531227593
2001-08-11,0.28600282025143176,0.06158325284840273,0.1592328255058567,-0.2136252663657377
2001-08-12,-0.488005717432955,1.1570292261191781,0.9226283810477834,-0.43868102252011404
2001-08-13,-1.1637043595451915,-0.5346955671057143,-0.9969999375418078,-0.36556867850593355
2001-08-14,0.7236191474395606,0.5694103129768598,1.132086157345778,1.1524929709748004
2001-08-15,0.2988639068515472,1.788940987225841,-1.6844618847013548,0.47512210176767417
2001-08-16,0.48379698077171074,0.8003979278336003,-0.28729406476435504,1.0056883229770377
2001-08-17,0.5584484842665873,-0.8287964367717232,-0.021455053732883728,1.5709562852064114
2001-08-18,0.20679450754509807,-0.18545367994162712,-0.12408174878231112,1.618831109814036
2001-08-19,-0.5271292764839768,0.23778566321959943,-0.24363564451335282,-1.4169264146153338
2001-08-20,-0.8919634519047869,1.4446220352232924,0.6718107880173713,-0.2823462750445567
2001-08-21,1.3151043263860183,-1.2455737176647128,0.0542606375633846,0.7776190685015686
2001-08-22,0.6622564149149602,0.8669487713155404,-0.41444293178617386,1.6391881197259623
2001-08-23,0.17767704768271966,-0.7725144686095791,1.289048827691072,-0.18908540830419795
2001-08-24,-0.23711233768796022,0.07897424467587591,-0.7075538175409041,0.7228130531283862
2001-08-25,-1.0930120871351088,0.40423486399444725,-0.5608799648379272,-1.559789657848236
2001-08-26,2.334422867798987,-1.831569042430598,-1.6630884929084557,-0.5190055246342505
2001-08-27,-1.2988539503816816,0.3760571541329732,-1.8346489723589596,1.3955984331678084
2001-08-28,-0.3787960108886389,0.3615897002874551,-1.8898476405837379,-0.44617037612987887
2001-08-29,-0.28610637961848046,1.6812660031838829,1.268075234943887,0.4378878810313666
2001-08-30,-0.6430563692193468,0.3586447612438032,-0.09018440293110584,-0.614047496988743
2001-08-31,0.2809079003181627,0.41483628157926516,-0.1077195329731964,-0.7189964543294707
2001-09-01,2.15670088633092,-0.30242858317196764,-1.3060482745647763,-0.8849243767893746
2001-09-02,0.182001340107718,1.511800420481427,1.483533062643779,0.0031237947470573236
2001-09-03,1.2414281142145434,-0.9144418459002874,-0.6566888002066483,0.34257756194230204
2001-09-04,-0.45069704052532544,0.38601924786206765,0.7862714542056929,0.8119319622785262
2001-09-05,-0.022408735108468344,0.4807735844317607,0.8241234411209991,-1.6419425027903651
2001-09-06,1.1119453476414318,0.45033416024801176,-1.373100931901683,-2.135070971182988
2001-09-07,0.2297210996745019,0.3208192463171863,0.6786676908425664,1.7719434380914514
2001-09-08,-1.6419625217623355,0.6948025573858762,-0.765353849649717,-1.7196461429649186
2001-09-09,-0.568411395881821,-1.0058365875495223,-2.232610204828206,0.49801958306139743
2001-09-10,-0.2251882967329856,-1.100117552325456,0.007344147161908363,0.6290610812410826
2001-09-11,-0.022312734352667243,-0.4916494028890226,0.4738111629127382,0.7740502077180252
2001-09-12,-1.6377803727179514,-1.1518461613565798,-0.5871438994339376,1.2541711649015101
2001-09-13,0.999232341631523,-1.8957012449500008,0.6990323905504189,-0.617464304115149
2001-09-14,-2.0670061312575547,0.9893816429086957,0.25852175309245756,0.916481693328275
2001-09-15,-0.36737096958553156,-0.22817183952019973,-1.4906864625569303,0.4328327180885676
2001-09-16,1.4863765222186196,-0.2481386500517673,0.48146642063101197,-1.5555864407154656
2001-09-17,0.4396814280774899,-0.7069756904326017,0.5601335904601082,-0.9469540064894459
2001-09-18,-0.4732671885270563,0.45476344685811915,-1.1624085367905679,1.7292734198350748
2001-09-19,0.6582843401108762,-0.22386615503474672,1.1201046317316472,-0.12113691863408091
2001-09-20,1.8941113925732402,-0.0678731299775529,-2.304216747296459,-0.8103257042498077
2001-09-21,1.3459344122483645,1.811078355893266,1.499943656433734,-0.04711967561629859
2001-09-22,0.4539438321890044,-0.2981135475274116,-0.4927529626981623,-0.9189812348088078
2001-09-23,-1.0215687970526661,-0.3523102491265378,-1.0097455169873772,0.15556955365831152
2001-09-24,-1.5168882553783776,0.5261812669232826,1.3199112808260725,0.6803571052357559
2001-09-25,0.10253124992975443,0.890067141963175,-0.010804932210963944,0.33504204227904383
2001-09-26,0.372976776835462,0.6490748674287199,0.4373701797470229,1.1394407679004572
2001-09-27,0.35097178957813946,0.8383791579803194,-1.9028707069600155,0.7408777803651176
2001-09-28,1.0135093318403148,1.6097518821942842,0.7800377887696763,-0.016595684455991445
2001-09-29,-1.5541604638058808,-0.5927000606826854,1.4960835160151336,-1.0280313315297986
2001-09-30,0.41224503985007327,-0.7103101840621564,0.7711095095447537,-1.2787221777183455
2001-10-01,-0.049211082756028354,1.1224867552381816,0.36128844900192514,1.020583625186755
2001-10-02,-0.19074794330784212,-0.8615484022811426,0.41315763415488277,-0.5652255025935723
2001-10-03,0.5784858923989207,0.4550593743883607,0.2503091515026047,-1.7630107123558578
2001-10-04,-1.8174492667220032,-0.9323476724113962,0.19856995383803086,-0.16826879137356995
2001-10-05,1.1854599058958897,0.274886122883194,0.7469497365311776,-0.11320979445552963
2001-10-06,1.4678466933574386,-1.4083802436484212,0.6617426755362967,-0.029460295731737293
2001-10-07,-1.806905541148845,0.2306206438122193,-1.485297481158897,-0.08019896515673546
2001-10-08,-0.7322582475874034,-0.530192970971571,2.849388962449943,-0.06495059058640593
2001-10-09,-0.14856866669071428,0.9998897218919752,-1.134417288069609,-0.5250163415182182
2001-10-10,-1.2262027497709183,0.09552759732982376,-0.33478553308773307,0.23743421378627733
2001-10-11,-1.600600268976066,0.49288436059586027,-0.324164943602699,0.8041100457714395
2001-10-12,2.2737911621052773,1.7620864507652794,1.7504480860398013,-2.428179965724629
2001-10-13,2.3010799317222372,-0.13154290732710053,0.7728867385796397,0.13243443600195015
2001-10-14,0.19082414721990137,-0.44729687678613167,-0.8746766814767125,-0.618456216355026
2001-10-15,0.7937481781864877,0.40682082031109634,-0.0445756634278027,-0.8909254226196168
2001-10-16,0.900719772272287,1.8354353016993283,-0.42555640690503305,-1.034226590410849
2001-10-17,0.020685562710042515,0.3169365793415816,-1.3632040786964459,-1.6688651939359798
2001-10-18,0.9061777383483685,1.467139526422839,0.45221239528739865,0.6139002485092138
2001-10-19,-0.5277428423187358,-0.6382080796855543,1.3149639182571025,1.2356887117250357
2001-10-20,-0.27400094783592266,1.0688567388423973,1.1190974815571062,0.27095726897168565
2001-10-21,0.16233916472406373,0.458327062505712,-0.2844559668910448,-0.21486563143303977
2001-10-22,1.5063008223270702,0.10254588781354089,-0.22912781165659393,-1.9439431592988856
2001-10-23,-0.21128640456842845,0.9056741555539561,0.4078459488792065,-0.2704354253310343
2001-10-24,-0.16630180582951876,2.0146293785079084,-0.044614670389799965,-0.9383460494997502
2001-10-25,-0.4204510013019529,-0.7404254545487376,1.8884115836107844,0.10263425025603477
2001-10-26,-1.2134936404015966,-0.36148980979441053,1.1734383058548585,-0.3332803217434927
2001-10-27,-0.6545443611171414,1.6470904140102391,-0.024981159082565957,0.5662713232525411
2001-10-28,-0.3909123706922474,-0.1008698926758327,1.3428390044852145,-0.3485362272454177
2001-10-29,0.5452557365593451,1.4805945622331893,-0.8072025953760329,-0.26493908616586637
2001-10-30,-2.149144497932898,-0.7665149709055582,0.5832807551718014,-1.56473453365294
2001-10-31,2.0472536143074245,0.24806789655368056,0.5912765843423483,-0.007800164693286899
2001-11-01,-0.5096778906408247,0.6810123413848856,1.8563972207601118,-0.7526114337279032
2001-11-02,-0.18178145083534583,-1.122651581479013,1.9409030954321675,0.13319004861593087
2001-11-03,0.1604497298932093,-2.171142126014579,0.47183820979527935,-0.14868172669426258
2001-11-04,0.3407886820218005,0.5371332533064026,-0.2280469664428943,-1.8970618434101394
2001-11-05,-1.524558727017728,-0.412828438300606,0.0026135783366316744,0.27747158067922123
2001-11-06,-0.6330052426397254,2.0193695150796014,-1.3851279031534323,0.6139028085968158
2001-11-07,-0.8524470335620974,-0.5160252513534785,-0.8855983551596023,-0.10101767546832953
2001-11-08,-1.281038179023223,0.7453827184352846,-0.1635459092291721,1.782837869276391
2001-11-09,-0.2485300705287942,-0.49349527906585844,-0.42352058219405997,-0.08532434970555845
2001-11-10,-1.5143555569997131,-1.8910896695911574,-0.9153917022805642,0.03593979797893269
2001-11-11,0.017819918047480822,-0.6908741958953062,-0.3035441334974419,-0.9947828298649589
2001-11-12,-0.7126066395230558,-0.9982793763895546,-1.5041165901037366,0.36614634811746977
2001-11-13,0.10297415886682644,-1.4077970952650873,-0.17049071642689417,-0.1443826157325137
2001-11-14,-0.20094557816287817,-0.5798867454555128,0.9514935477921207,-0.7755830951496269
2001-11-15,-0.6747051209201086,-0.1831968185294901,-0.843852794950367,-0.49318468637052204
2001-11-16,-0.45960542803241466,-1.2673050436319817,0.42519695676225466,0.6734115419209036
2001-11-17,-0.2826473128866914,0.5919201071288337,-0.8303421725895491,0.0017024971155159675
2001-11-18,-0.2900465435615143,0.10520956631005748,0.022699351403094873,-1.1110355263737284
2001-11-19,-0.4115504390582184,-0.6095687788802364,-0.26468472139047833,0.9360892019767396
2001-11-20,-0.014927172568651025,-0.9204062130014053,0.3172224239122055,0.3710519188961
2001-11-21,2.1939277384104914,0.619972941429699,0.1909545495138832,1.6449684729479694
2001-11-22,0.9892944824334264,1.2174055581854244,1.254498434560671,-0.6884026029141438
2001-11-23,-0.23355607742168752,0.5223834885594605,-0.21137438036233788,1.8469876774367793
2001-11-24,1.236980916475419,0.44467155744943565,-1.1410936854386988,0.35726650484451866
2001-11-25,-1.5051473437553442,0.06841882314135686,-0.16853825172645173,-0.9331385507624262
2001-11-26,-0.6935681253522076,-0.32509677430981515,-0.5244871585116424,0.01412488719425289
2001-11-27,-0.44305047945390297,1.1170617268214418,-0.5346347157528971,0.015404317263424809
2001-11-28,-1.0593587708720313,1.8434853168732819,-1.0156551996841867,0.4826551963054671
2001-11-29,1.0804109986011363,-0.2058556607140632,0.49655248116996714,-0.7774568434821059
2001-11-30,0.3300140416854801,-1.48301713626762,1.7830413378674226,-0.49670617455641497
2001-12-01,-0.9668808830345228,1.4138633097195659,-0.7883431719362924,-0.4087100376709278
2001-12-02,-0.10278654683214251,0.11920324148133694,0.7207826613260301,-1.777913689856753
2001-12-03,-0.0608199028505646,-0.8210162479822014,-0.5471163889882703,0.03664898311917481
2001-12-04,-0.47506622563115314,-0.8148147966863261,0.23651735946181698,-0.7703736017796329
2001-12-05,0.9777759747372159,0.3985836149242293,-0.4465066701670192,-0.7626098437987374
2001-12-06,-2.262253491872529,0.39819453053969267,1.3887812542278546,-0.8486741152331443
2001-12-07,0.17702463332547608,-0.20885093238425775,1.5595814142071716,0.3159392471585358
2001-12-08,-0.8050984211865084,-2.5733287178807513,0.30059174313036796,-1.5007234665454174
2001-12-09,1.1188475771118518,0.45501174316650445,0.5736582867864161,-0.547444951563764
2001-12-10,0.8170667405012084,-0.24067610292249092,2.272922330411517,-0.5967335799146362
2001-12-11,-0.21686184989488005,2.1623877625745433,0.3251046071034976,-0.3057299181241626
2001-12-12,1.3200434918843982,-2.087623371243703,1.8593676639900982,-1.5776887185341335
2001-12-13,-0.7587922543712134,0.08986873545540275,0.28232589042871886,-0.002006437590815206
2001-12-14,2.0606084426218616,-0.3128837708310522,-0.4129719665607491,1.6868571976242877
2001-12-15,0.7037752877595349,1.3508257438530444,1.4892929786018594,1.2904567440283707
2001-12-16,0.05295346208813661,0.699077375667888,0.40550881977823433,-0.5912045696931862
2001-12-17,0.20139437770604374,0.949025533671687,-1.8691271301017987,-1.6212795029331901
2001-12-18,0.3985207342812318,0.277318885973621,-0.3281238760320999,-0.2979412705648281
2001-12-19,1.8701375717536992,-1.9727512785492007,1.0162705362421494,-0.390002580622038
2001-12-20,2.081959855658192,-1.7212096583284116,0.25715147315027087,0.10471372406069351
2001-12-21,0.3611488401063398,0.32272461393668356,-0.15322420243868,-0.28745188078663236
2001-12-22,0.49571080486298713,1.2745448573790275,-0.4961766678471261,-0.10076495961381812
2001-12-23,-0.06429893853418353,0.3065116634438865,1.1401742469610208,0.8973397555895821
2001-12-24,1.9053065537646283,-0.7723539018877524,-0.37877915372710247,-0.8705103790171043
2001-12-25,-0.08513417105438649,-0.7543914999954816,-1.4212680966822786,1.2738230747837997
2001-12-26,-0.9727909897667464,0.37103433528761093,0.2586111578359614,-0.6126579478709432
2001-12-27,-0.05326766745048083,-0.2979160712307022,0.32483169963305975,-0.26263722520837696
2001-12-28,-0.10933588833226432,-0.03598709532591251,-0.03166348732566923,-1.4040632296265083
2001-12-29,-1.6278278763496161,0.050788229087901975,0.5122441537129339,-1.7279939027657873
2001-12-30,-1.3244261802956525,-1.0444071496999618,-0.7701222865757711,-1.4104236554082776
2001-12-31,1.8284483566628689,-0.714846561363827,0.1683355003304947,-0.5721691183281045
2002-01-01,1.4767439266460989,0.024955265001681666,-0.5360726541322567,1.5864377575061719
2002-01-02,0.56173907545627,1.1949442344065748,-1.105027742899471,0.24224085913461565
2002-01-03,0.959580429557534,-1.211111930626968,-0.4649990207352702,0.8534983008098534
2002-01-04,-0.2519252893946743,-0.7891363985985284,-0.7159408023911886,0.021003204727818563
2002-01-05,-0.4640639623511052,1.1978756307488143,-1.4246926537626274,-1.5947175040872656
2002-01-06,0.4178061983094131,1.3474257201288253,-1.1717911038957363,-1.5351535008218649
2002-01-07,0.16003592434310634,-1.212751458697294,-0.19242341379212008,-0.47687040288095695
2002-01-08,0.1592573880647112,-0.2451991925384265,0.6842017830181343,1.3293916343708077
2002-01-09,-0.6247141582645663,-0.744076506529723,2.154607557364322,-1.0511633386108161
2002-01-10,0.8177710942619008,0.9714702072111069,0.8137494520447065,-0.8373571074156612
2002-01-11,0.6185757003102816,-0.18828693631264906,1.289849787095654,1.7289746889414268
2002-01-12,0.8967299701980739,-1.1394761238237283,-0.47840174084233816,-2.102372878821552
2002-01-13,-0.21517969629549305,1.2731099613074102,0.36350726662504984,0.7449003200444511
2002-01-14,0.39934880263547323,-0.06292050233176968,0.5207787252099224,-0.6308703418237145
2002-01-15,0.06722484036935134,-0.25608776043352915,-0.3175466765160677,0.6368897906073208
2002-01-16,1.6460488728874882,0.2699492139637031,0.4186143799986915,0.44473826335131167
2002-01-17,0.9000043931408026,1.6222461432568018,0.28337809336409414,-0.6705265662524835
2002-01-18,-0.12296376096288475,1.2082205733547042,-1.5321130816145017,0.36257645857285514
2002-01-19,0.4733958820619969,-1.4394572681668463,-0.7023920365002052,1.2627048880345069
2002-01-20,0.6890127403576077,-0.5615967781209792,0.5442755681057762,0.0354083257421593
2002-01-21,-1.2799202278026889,0.3524237566500666,-0.6680275268685955,0.2237817206580631
2002-01-22,0.6044342532807954,0.08570747792422521,0.41644366101066016,0.42600794052233704
2002-01-23,-1.285059416885605,0.663057143652859,0.5688593880534907,0.5776007207118224
2002-01-24,0.457750281426144,0.512114486310034,1.1302588688002622,-0.4540751395852078
2002-01-25,-0.5672690218395365,0.5377392221126377,0.20640929000361538,0.22292105163134554
2002-01-26,-0.509924848967187,0.3226911166493412,-0.882563883120257,-1.3295190200240246
2002-01-27,0.24592106218263513,0.3113092705135004,-0.34383778926763736,1.1489679904134547
2002-01-28,0.30028236918235707,-1.6350372853278328,-0.36542160919990496,0.8946928976474243
2002-01-29,1.2253505636587612,0.11934874279609024,-1.0599018064883405,-2.6934654141264365
2002-01-30,0.1857831002372599,2.081868413019876,-1.5919476887970396,-0.5632169898515003
2002-01-31,1.1073318365737048,-0.012103025719634748,1.958277738759863,-0.2974585512642119
2002-02-01,0.36226571345530656,1.2194259075939964,1.5797793309858603,1.1001464820852198
2002-02-02,0.49282492010470713,0.8146936658180295,-1.8960774100323827,0.34881916462619983
2002-02-03,0.6937520637880626,-0.0885870527877816,0.5406992607691465,-0.39355319284554163
2002-02-04,-1.3338903783425906,-1.1103916600870467,0.9052928693183347,-0.20474091895519378
2002-02-05,0.6495945820523327,-0.9972467992947072,0.5675933408334395,1.906073384606928
2002-02-06,-0.41208736441465993,1.07580359662184,0.7915681720098793,1.1289553488256074
2002-02-07,0.09784201612596195,-1.224635610288524,-0.428643986211085,1.387435147696451
2002-02-08,0.6579733081809205,0.47260470429490264,-0.8750585521096573,0.3891959137863835
2002-02-09,-0.07590082948660562,0.059614765745901195,0.23410097894608062,0.4966693424836168
2002-02-10,1.930486307464221,-0.30224294218995296,-0.21376678941004948,-1.5320851432048341
2002-02-11,0.07521308707312359,-1.4382153320371414,-0.971196122375716,-1.3964207864107312
2002-02-12,-0.35042399201362184,0.6519342503388922,-0.44558168939988685,-0.9125664468972339
2002-02-13,0.04673609868958732,1.0096516434138647,0.3043696879670979,-1.5388190734861615
2002-02-14,-0.8722026428330389,0.45899924601009773,1.493619208570277,0.030578201488016828
2002-02-15,-0.9485991425360697,0.5972556184602823,-0.6906837394889033,-0.42693865792510727
2002-02-16,0.69297382027262,0.5926466687467579,0.5125030216480608,0.40353742752036476
2002-02-17,-0.9471035880008871,-0.45946186017756213,-0.024926574010006117,0.8690116031689508
2002-02-18,-0.647050468965029,-2.106883945201448,0.018614710765374184,-0.2897572666120159
2002-02-19,0.5734233309574078,1.024109601195599,0.43273391251162924,-0.9057388218262652
2002-02-20,-0.9060440014077467,0.643841900735435,-0.40058926408153006,-0.6105024346368162
2002-02-21,-0.39130124239757713,2.4596702890023363,-0.22475776407355866,-1.6497723114854725
2002-02-22,-0.2827005036404628,-0.6775057246441372,0.8227406755635088,1.1135418971672275
2002-02-23,0.8275028237325719,-0.7494767686209446,-0.35916584054168077,0.620686890992152
2002-02-24,-0.26843817516327534,-0.4248397016656268,0.42761158221713885,-0.6353144347132255
2002-02-25,1.5401854949551466,-0.5883364678638175,-0.11180524183898151,1.531089668917869
2002-02-26,0.8292543133658634,1.436984148355012,-0.09568944601007301,1.5915748537619063
2002-02-27,-1.3427354448821724,0.8087286264131847,-1.0165254851030807,-0.11737257422800695
2002-02-28,0.10658464840814233,-0.17098510088720886,0.7950880121326845,0.3951653946456821
2002-03-01,-0.2965013845804344,0.10594437823026104,1.6653869912440116,-0.08704473183344141
2002-03-02,1.2937987631984902,0.2128744707461383,-0.4788510971085452,-1.2072170154409232
2002-03-03,0.2692712291420641,0.2841386372997093,1.5737057249290627,-1.193509440774647
2002-03-04,0.816085897705995,-0.21940147960781217,-1.4409741921201844,-0.9690321227380709
2002-03-05,0.7410790046789898,1.01365552991843,0.08794600405225178,-0.31466327461961047
2002-03-06,0.6944794131485824,-1.049805113780944,0.9336296261709701,0.12214954625169935
2002-03-07,0.10772107255156288,-0.8301407592914627,-0.6363045132487106,0.25679406264869764
2002-03-08,-1.022027080578659,0.734624211934222,-0.06598325598743125,-0.8831167203967734
2002-03-09,1.178904358916265,1.338133567966035,-0.049243528873017826,0.8544743683707765
2002-03-10,0.07270550118078904,-0.13304720889107682,0.9176399216332188,0.6258405181934923
2002-03-11,0.13612257470149136,-0.8028108528705565,-0.6108694118049007,0.945170585638232
2002-03-12,-0.5504653240579769,-0.03728057286466241,-1.0570050093278587,-0.16390245634982575
2002-03-13,0.9309148585676026,-1.1677687778634427,1.470850359784304,0.5126935214365321
2002-03-14,0.32003986330833556,-0.2877322324067458,-0.451338280812089,-0.2720830244040517
2002-03-15,-0.3463221286545386,-0.050871366531092366,-1.1796907828886418,-0.1647349544308431
2002-03-16,1.8289366003766911,0.06975992036611144,-0.6374163710217612,-0.4001377512765594
2002-03-17,0.04952255576539539,-1.2963095934964275,1.5886397607720262,0.9003849588201692
2002-03-18,-0.17944881105044186,0.7657658217232359,-0.9231852198120255,0.8179642298829625
2002-03-19,2.4516215391043836,-0.01463993462101222,0.18621941151487686,1.2688044082106082
2002-03-20,-0.16073368602739696,0.07052078721443615,0.8159184375501627,-1.1903280303591959
2002-03-21,0.012645436671126916,-0.2122730257100379,0.30968654705051046,-0.4672489362075925
2002-03-22,-1.4327419696303134,0.37066329964112626,-0.2109075990882765,-0.5999529355352776
2002-03-23,-0.875469889984606,0.5891408912788444,-0.5794237977430404,0.6920169022007463
2002-03-24,0.08641078057088306,0.9181565026669617,-0.2592154653495141,-1.162837719135293
2002-03-25,0.36003464757811826,1.6279330334767421,-0.8363953295089128,0.051634474260902105
2002-03-26,-0.3581066515036062,0.40980220775048865,0.0974192384351542,0.5088957592749043
2002-03-27,0.057249681584680766,0.6745349396356155,-0.5911478182894208,0.03899469829447961
2002-03-28,-1.7826674774647366,-0.7006489458222034,-0.25294603552567946,0.2453872089809392
2002-03-29,0.7605221678088201,-0.13166012967267607,-0.07901890590531056,-2.8448171585792954
2002-03-30,-1.9472799960783096,0.6648062064627599,0.2650833446197926,-0.45832099277063704
2002-03-31,0.5965290271624543,-0.23379181797153803,0.1233496170219416,-0.3756948061256442
2002-04-01,0.41447796402502773,-0.32285660371310604,-1.4041010058375705,0.5817826550208426
2002-04-02,-0.5545144923268843,-0.14669231446136283,0.3142612052903286,-0.9732018920292869
2002-04-03,-0.1277163923192028,0.9666577638256809,-0.8183843327662391,0.026929356706353477
2002-04-04,1.5683953393719843,-0.8831524781830412,0.8015678616410254,0.2806702268056139
2002-04-05,-1.1808599718817983,-0.1200745610278728,-0.6609292395743906,1.363876610802506
2002-04-06,0.14512156200077422,-0.27656004242258064,-0.4489491868207689,-1.1975278084087635
2002-04-07,0.7773813064868099,0.5118833524932306,-0.5898872161977055,0.130969550432757
2002-04-08,0.03872664169568649,0.4843277424336377,2.2705611245592916,0.5477997778782339
2002-04-09,-0.19666792473958866,-0.7282823983607581,-0.16841013880665337,0.6435161234205485
2002-04-10,0.7126746107703543,-0.5140009835527418,-0.6447592939947054,-0.5334925322026535
2002-04-11,0.8835562098813933,1.3799888294767426,-0.18256904880804012,0.11582053158319776
2002-04-12,-0.41704726267034153,-1.1334896819258307,-0.1979814896504664,-0.816454904181648
2002-04-13,0.6174085893701934,0.09149588127843457,0.5717862053103406,-1.6735938864017021
2002-04-14,-1.9288684747959055,-2.448726556875547,-1.418140106572014,-0.36634793313329184
2002-04-15,-0.010594265461732914,-0.5082876638933927,0.09968516791534474,-0.9283432040363244
2002-04-16,-0.14219754552717856,0.20832032452571614,-1.0986124085975564,1.340300199044905
2002-04-17,-0.02777321310297864,2.0355484624585745,0.4152037036392336,1.6710568933493468
2002-04-18,0.34225284423659397,-0.07368687580550859,-0.5629440358157253,0.2868306307323486
2002-04-19,0.44013948696833993,0.36467294616762924,-1.0768868806151488,-0.7698969817608788
2002-04-20,-1.1391726661129915,0.24668756566159708,0.6170365739388979,1.7249049484948118
2002-04-21,0.014882383788036009,-0.6766204208025384,-0.33536984844869794,-0.27925013449392416
2002-04-22,0.06433715855510701,-0.288063378999488,-0.02891609476184719,1.6528109607662724
2002-04-23,-0.36701983377966346,-0.9322577514901131,0.9856595575141431,1.2276249771823833
2002-04-24,-2.16412937445253,-0.8322308491909621,0.8583330657613804,0.2609600831601712
2002-04-25,1.9657908825404269,1.596883621446395,-0.6761563668533596,-2.2124803407405533
2002-04-26,2.0132349131074667,0.5046110228350457,-0.3204178077734913,-1.1253397260364952
2002-04-27,1.221846806717191,-0.3806173610295103,1.7896512754858653,-1.6882719280950236
2002-04-28,-1.6011275882612104,-0.8733740844162626,-1.671807794855884,0.5466141047692971
2002-04-29,2.700315360039115,-1.6021001155996877,-1.5428837699369113,-1.1932426846414945
2002-04-30,-0.9352623440957463,-0.21787027296171294,0.1179355703820587,-1.390678933372912
2002-05-01,-0.3421623605462963,-0.4485056225520607,0.5054717095797107,0.15646459338121804
2002-05-02,2.301165161709921,0.2099954318242884,-0.7257069827672917,-0.5300581020957048
2002-05-03,-0.732103844530521,-1.0510756548508948,0.06132406805809686,-0.5581615088248717
2002-05-04,0.15683990263040914,-1.9705478925851223,-1.4341225069521204,0.5823942877871677
2002-05-05,0.4907481870663981,-0.3191669105847012,-0.8190772438722019,1.417552572754396
2002-05-06,-0.0679495623238277,-1.1326479135626843,0.8724596806122559,0.6432275593683872
2002-05-07,-0.27425779410119905,-0.8475567494314514,0.5338533488012132,0.46829238359120196
2002-05-08,0.7692847128389867,0.91431976543158,0.036946840816366504,0.5901842073665736
2002-05-09,-0.42389694755732377,-0.9712372019406994,0.28935407975823885,-0.8502088313736741
2002-05-10,0.5518620796096174,-1.0077831096921965,-1.5254742047322951,-0.4179512816885212
2002-05-11,1.5423579362344149,0.8141736988487475,1.671746083271627,-1.7527821374127535
2002-05-12,-0.37256751337886074,0.3361534793646468,-0.3616587589069523,2.0649323054548736
2002-05-13,-0.31341353467453525,-0.5298723416170222,0.6400389828827001,-1.3160261228664687
2002-05-14,0.07648567653839546,-0.023170440655193292,-2.1475026747716064,-0.2518089944443294
2002-05-15,-0.6577207246963029,0.2328364436543117,0.01834381489555982,-0.5172891665722226
2002-05-16,0.010732406917770988,-1.8336948276703315,1.630923877023833,-0.0018240862962817979
2002-05-17,1.0338241617126755,-0.8994173816461587,-1.8507848402808862,-1.0952747459620729
2002-05-18,0.6914233187813198,0.30548866130009966,0.22709911484377165,0.5972078364965334
2002-05-19,-0.21652410150981183,0.8333874336764938,-0.02126191998698216,1.1388044959261177
2002-05-20,1.0692506360368161,1.184207718281913,0.5176673699247364,0.029096952229207274
2002-05-21,-0.738604961241489,0.34153442935040246,1.584378849149138,2.071088102776165
2002-05-22,-0.7348687701080335,0.6733177359434892,-0.07036527870764803,0.04704644772363996
2002-05-23,1.3423419474188674,1.6297367579479654,-0.7615878610751315,-0.4697817040243326
2002-05-24,1.2572210432292337,0.7841146015591544,2.6676213991920457,-0.1927092185865454
2002-05-25,-0.02852022656322505,0.01656387629407225,-0.30706853150018537,2.571168868184178
2002-05-26,-0.6936650796356986,0.01519390946059443,1.0189927339129645,1.431431216402293
2002-05-27,1.5354309560346762,-0.2289193548342604,0.6355470487101604,-0.3885085047659335
2002-05-28,0.8688711252725427,-0.6563554053255207,-0.6220840902624158,0.309950342709255
2002-05-29,-0.5600918149347224,-1.911389430516281,0.9004563236570375,-0.02684422017309048
2002-05-30,-1.1104945759450986,-1.3500225135572468,2.8487977318805724,-1.5391443188260623
2002-05-31,0.20063059469951303,-0.933881278365143,-0.944318784860002,0.19775158692642955
2002-06-01,-0.009281776880979972,-0.7830839873179892,0.7702174028163361,-0.04660857220538526
2002-06-02,-1.6098719187691608,-0.1508065311746938,0.5307206076503952,-2.1347336555836063
2002-06-03,-0.7465766476653793,0.8238883583428075,0.011617017225384706,-1.0082767441249758
2002-06-04,2.5845503469874305,1.2942973407945961,-0.16773086487321293,-0.4200139600459558
2002-06-05,-0.1216794390271311,-1.603554847487066,-0.6482957441699128,0.6995458475661241
2002-06-06,1.3311215754317705,0.6279265161100188,-0.3831266590255431,1.2761150849295178
2002-06-07,-1.0947273195242828,0.15061635608777713,-1.1087409803289252,-0.6259277496212406
2002-06-08,-0.4972297695991212,0.9907197318934052,1.3593741667954857,-1.833003252157556
2002-06-09,-1.2108834587998671,1.670564055777456,0.16951215438754114,-2.121962503843107
2002-06-10,-1.3658714531609035,-0.6323888071986612,0.23989608592429199,-1.4868900160141176
2002-06-11,-0.5281190125198127,0.19819564540689028,-1.600659338316034,-0.5774634335806578
2002-06-12,2.1062570013275357,-1.0864673651984627,-0.49090894478224756,0.08633457239496749
2002-06-13,-0.6397880185848028,-0.2919341353756199,0.6081810413201589,0.5941768551773244
2002-06-14,1.4719412664250184,-0.123406433699283,-0.6829934256429859,1.1177150707104186
2002-06-15,-1.8747932610549398,0.3146623578367903,-0.6637434774432619,0.7246254429192991
2002-06-16,-0.19825512914004345,-1.8409311244516984,1.0309345562770182,-0.732222559526844
2002-06-17,0.9627844691049263,-0.6248080899617813,-0.12310951435921336,1.162819680585246
2002-06-18,1.6869002973223053,0.6170767015450904,0.3409249089345936,0.4159640416910089
2002-06-19,-0.23000978677175893,-1.3302866021056807,-1.6348135574903304,0.29892858861129173
2002-06-20,-1.3323355738194047,0.7322679879798227,-1.5209468822589423,0.7556182565653673
2002-06-21,0.25284075432411623,-1.5058540455498357,-1.1966856855527384,-1.5666521638537727
2002-06-22,-1.0860077755621096,0.11663790706843594,-1.1203091176804107,-0.1628837173176877
2002-06-23,0.014874295585738906,1.5845228644220968,-0.6613655499541574,1.497228646711001
2002-06-24,-1.5024520997126787,-0.17883260907432935,1.657833899163519,-0.7249728894657306
2002-06-25,0.474876353853499,-0.8733231617806608,-0.18603090055047747,-1.809405951343174
2002-06-26,-1.8671708464618428,-2.1307192767773007,0.29137016200898386,-0.04555875802883924
2002-06-27,0.3848263485767408,0.1581624444765856,-0.17810875716631155,-1.9369773201983607
2002-06-28,-0.3783343174546868,-0.33558409263172684,1.3473082825580256,0.055162682708493886
2002-06-29,0.3970453191860804,-0.663021117949062,1.818987427795975,0.12578326266707623
2002-06-30,-0.11416800043132466,0.5607497522111734,2.478753652155761,1.7303582964883206
2002-07-01,0.46404819195498775,1.0548671821114666,2.3065320634036244,-1.592388444509083
2002-07-02,0.6017264375544699,-1.2829607680445574,1.133194714896413,1.1494358430144878
2002-07-03,-0.8771538172853168,-0.5824362260407058,-0.6060472214008115,0.05428541212481097
2002-07-04,1.0649694130775076,-1.038394345339901,-1.1374752690520837,-0.6888390232150918
2002-07-05,-0.84783282870627,1.0465797261973349,-0.21747528164592847,1.0066950810169133
2002-07-06,0.7747287914141162,-1.495670718045473,-0.004745421645345383,-0.4412617739084625
2002-07-07,-0.23663164265585984,-0.7928759876545619,0.5742608537238871,-2.136414124035015
2002-07-08,-0.8629307185654805,0.863643691141039,-1.0270946742656077,0.959138376687316
2002-07-09,-0.09876790800326199,0.9917590573607575,1.9260720948852705,1.0788233495855115
2002-07-10,0.17316304929463447,-0.2961453535063947,-0.06714469539217241,-0.3099965262865591
2002-07-11,0.775924892894806,-0.11451718473022189,0.7621613305760568,-1.3051248135069469
2002-07-12,-0.24297842400779074,0.9921381924653634,0.2722475039007069,-2.427293944856778
2002-07-13,2.1768427067715215,0.4807505475951725,0.31241149610800745,0.2118484273700128
2002-07-14,1.1639511890778178,0.05997112643846129,1.4118245536173704,0.5369298470394245
2002-07-15,-0.6652567657635893,-1.067809434363372,-0.4217708161477839,0.4608738602806109
2002-07-16,-0.619850114526046,-0.8840540439884339,0.29159568127200014,-0.9241995574162287
2002-07-17,1.502673868969093,2.201786844464633,0.47991224879309186,0.01547586889599007
2002-07-18,1.2129976124216464,1.433939785169993,-0.31128229938921054,-0.19232843842365877
2002-07-19,-0.13297591926707858,1.3683503432291833,1.3903670153562249,2.095686195991576
2002-07-20,0.4659532972635211,1.7800425487221054,0.4342620551636383,-0.3740379089630711
2002-07-21,0.4665714211957442,0.6823990191017283,1.4301682294172406,-1.0621213486472625
2002-07-22,1.2865243487289726,1.0591468966800308,-1.2107937391353683,0.8009633576385726
2002-07-23,-0.10753316294582206,0.3475320704898861,-1.0084899084110304,0.14616276308798726
2002-07-24,-0.5768346391289344,-1.5798712788980955,-0.1769817369351269,-0.4504326335528748
2002-07-25,1.5141887978193087,-0.9733820066887083,-0.43003378277793447,-0.08203262930367573
2002-07-26,0.6720492521816542,-0.3916139132246379,0.8085385050823604,0.19679347947045955
2002-07-27,1.1761064085287987,1.0653432537090928,1.8235116091289798,-0.13526161889269747
2002-07-28,-0.9801438986965125,0.14516995251191522,1.8837899867083743,0.37562192181720483
2002-07-29,0.38333472237974237,0.5904585451818448,0.4020111765890705,-0.1563436146634476
2002-07-30,0.4375242069197916,1.7054615428530002,0.4560317956612226,0.86817372629639
2002-07-31,1.1204940380331354,0.4026408266539149,-1.5172181768829809,-0.5808018130554873
2002-08-01,0.3645345050058455,0.07268023308994048,-1.5880971183801145,0.391928863641561
2002-08-02,-0.02423808226732123,0.12151805510834643,0.5469100708145255,-0.36809674235422485
2002-08-03,2.6200279859059097,1.2796599049676467,-0.5352332742940181,-0.12549109481905846
2002-08-04,-0.36142747966995387,0.5112488282067015,0.8570424192114515,-0.48136910032788055
2002-08-05,-2.249947132927361,-0.5084767588197929,-1.2482340418981026,0.5862781707553056
2002-08-06,0.3440799980817511,-0.4354292100254325,0.9785877869415097,1.2031196854273731
2002-08-07,0.9787239037048271,1.0804217526635989,-0.8620199986272806,-0.7019291845923724
2002-08-08,0.3166507214305648,1.5237837032227977,-0.027302707935159876,0.49541319032907555
2002-08-09,0.40684369963453415,0.7723778270464782,-0.6728358560285878,-0.11096445203816221
2002-08-10,-1.240019600864039,-0.45543245092890544,-0.315070420865841,0.13164753537501916
2002-08-11,0.6369706204401822,0.18368430421797957,0.16488235266060675,-2.208785176049464
2002-08-12,-0.3911641002615893,0.5352613857816011,0.473251071244323,0.037511551734174135
2002-08-13,-0.18957544397204948,-1.559608632951175,-1.3512380536121755,0.5719736610740673
2002-08-14,-0.8855091820656386,-0.5891310767382886,-1.5556083520923685,0.9006666475794229
2002-08-15,-0.15879967234189477,-1.525827067780462,-0.4247643065960418,-1.5545607979721083
2002-08-16,2.2787730651141893,-0.8377194816163831,1.5760451828748232,-1.357174396542071
2002-08-17,-0.957335519699187,-0.4045145752685329,-0.3967334849290358,-0.2226769820491432
2002-08-18,1.4141062340422645,0.4471259704215006,-1.0763496279951006,0.031021797607044824
2002-08-19,-0.2974418625705901,-0.12260141517815763,-1.9227497814187813,-0.38565757279028556
2002-08-20,-0.11202464452889342,-1.8936726254971938,-0.32868853986732366,-0.7912890573047079
2002-08-21,-0.553817866788426,1.0253331053222745,-1.8005385235901112,1.0805574303640684
2002-08-22,-0.1847363985807477,-0.24008787463839715,-0.7349723446078119,0.8114017229006691
2002-08-23,-0.4736598100873602,1.3395261065658675,-1.185089851102215,0.3566371643663139
2002-08-24,1.2080328499738728,-0.03571731986909484,0.21415255914727496,1.9201417919316381
2002-08-25,1.1433290757410006,1.0960886521471782,0.6479257934565069,1.5958307041408322
2002-08-26,1.3516760911058332,2.424817164370966,-0.5864031774050305,0.5440694681693508
2002-08-27,-0.8741850974094006,2.6155757425927475,0.35621533637993213,1.8233069809503566
2002-08-28,2.265794642075418,0.6253830018804376,0.6370983300617259,1.4541165311484079
2002-08-29,0.5954952668528729,-0.3160609850965026,-0.4346143064469654,1.8097713916465754
2002-08-30,-1.181465763942321,-1.0227184446972974,2.0620299629774417,0.12449840881413439
2002-08-31,-0.4052722037705143,2.631820019828406,-1.7431719483813348,-0.5794480287660844
2002-09-01,-1.61703159736265,-0.22366040351570576,-0.5329564942348286,-0.651779722557291
2002-09-02,0.5261283040408307,0.27330434235301576,0.5822070225076407,-0.19349691718084425
2002-09-03,-1.4392110991880804,0.890116121234279,0.383916311217787,0.43262426620600125
2002-09-04,-0.9567051862840612,0.43502937039762557,-0.5229539069110658,-0.941631896158442
2002-09-05,0.5421793457484081,0.8647312057627996,0.385001486658926,-0.26679263170247336
2002-09-06,0.23759238281997286,-0.27655211921574724,-1.4161237831535494,0.041901427886168394
2002-09-07,-1.096929855423911,-0.3005965645598464,-0.4229987468928842,1.7130985497454567
2002-09-08,-1.9725096914775964,1.019348014172849,-0.3474877306425019,-1.7497654904401292
2002-09-09,-0.4296189669834132,-0.7803388331824819,-0.5292069648663605,1.8385764557858046
2002-09-10,-0.5656972099632823,-2.3444460334910024,-1.425683959165581,0.864583931700215
2002-09-11,-0.8762014079273613,-0.1450147451593005,0.8599736558938157,0.29427278052706035
2002-09-12,1.9708898384551239,0.8261291941500125,0.657026777638903,0.789831215461201
2002-09-13,-0.4222028024927605,-0.6033877635724821,-0.8985749794578922,-0.779989247175165
2002-09-14,-0.9755032799788058,0.9090484646631909,-1.9185733781563308,1.500277463597182
2002-09-15,0.19577579247208937,0.3213582286645322,-0.23155001513013565,-0.4221063069109329
2002-09-16,-1.9302545039136845,1.4730697224368825,1.518358611459601,0.40776426515407127
2002-09-17,1.2069115684327336,0.5571159621383054,1.2764133026485047,1.6935973765835868
2002-09-18,-1.1519450707345762,-1.9904096482026812,-0.7977553103952002,0.07482555992599331
2002-09-19,-0.596933336513596,0.7067677772500719,-2.516752213001843,-1.1850694553745955
2002-09-20,-0.30777499436016703,0.480648530763806,0.3489968983815304,0.7877961481976634
2002-09-21,0.19890843371585215,-0.970575292992827,-1.278449619141665,-0.04830313280332628
2002-09-22,-0.9618080251487027,0.0762726844790884,0.5708476795311598,0.7799092178598303
2002-09-23,-0.39239213286319197,-0.7536305268077527,-1.6810811419862914,0.09726472113083959
2002-09-24,0.7232481693901928,-0.4401037196923525,0.5856689227604008,1.501030230942207
2002-09-25,0.5560165150321082,-0.38876397468501106,-1.4175058009323982,0.3389073814992717
2002-09-26,-0.7724811935571058,1.2501391108008588,0.2882745657101499,-0.18250846235568727
